sku,title,brand,price,old_price,currency,url,image,category,availability,size,description,source_status
PLK-ARGAN-DEEP-MSK-NA,ARGAN DEEP TREATMENT kaukė su arganų aliejumi,,22.00,,eur,https://plaukuosena.lt/argan-deep-treatment-kauke-su-arganu-aliejumi,https://cdn.zyrosite.com/cdn-ecommerce/store_01K8TJ7Z5JW7HSEJN7SFYG20CX/assets/e2d79528-7e7d-45c3-9c72-49eaf6ae4c2c.png,American Crew,in_stock,,"ARGAN DEEP TREATMENT kaukė su arganų aliejumiSpeciali maitinamoji priemonė skiriama visų tipų plaukams, minkština garbanas, išlygina kutikulę ir suteikia švelnumo bei žvilgesio, palengvina šukavimą ir tausoja plaukų struktūrą.",OK
PLK-ARGAN-ARGANU-SHA-NA,ARGAN SHAMPOO šampūnas su arganų aliejumi,,15.00,,eur,https://plaukuosena.lt/argan-shampoo-sampunas-su-arganu-aliejumi,https://cdn.zyrosite.com/cdn-ecommerce/store_01K8TJ7Z5JW7HSEJN7SFYG20CX/assets/581796e8-b405-4437-8211-faa5fc46b550.png,American Crew,in_stock,,"Šampūnas be sulfatų ir natrio chlorido. Unikalios formulės, praturtintos ekologišku arganų aliejumi, dėka plaukus plauna labai švelniai. Drėkina, kondicionuoja ir akimirksniu pamaitina, suminkština garbanas, suteikia plaukams minkštumo, žvilgesio ir tausoja jų spalvą.",OK
PLK-COLOR-FRESH-MSK-150ML,"COLOR FRESH dažanti kaukė, 150 ml",,23.00,,eur,https://plaukuosena.lt/color-fresh-dazanti-kauke-150-ml,https://cdn.zyrosite.com/cdn-ecommerce/store_01K8TJ7Z5JW7HSEJN7SFYG20CX/assets/b46862ae-d30b-4244-a405-7edb625d60ad.jpg,American Crew,in_stock,150ml,"COLOR FRESH kaukės suteikiančios plaukams atspalvį, sukurtos visiems, kas nori išsaugoti ir palaikyti savo plaukų spalvą namuose, arba keisti ją, suteikiant plaukams naujų atspalvių!BLUE atspalvis – nudažo šviesius plaukus arba atgaivina spalvą.COLOR FRESH kaukės:– Neutralizuoja ir panaikina nepa...",OK
PLK-COLOR-RADIANCE-CON-250ML,"COLOR RADIANCE LEAVE-IN SPRAY purškiamas kondicionierius, 250 ml",,17.00,,eur,https://plaukuosena.lt/color-radiance-leave-in-spray-purskiamas-kondicionierius-250-ml,https://cdn.zyrosite.com/cdn-ecommerce/store_01K8TJ7Z5JW7HSEJN7SFYG20CX/assets/1496fbcb-5032-476b-bcd5-ff6a423b360e.jpg,American Crew,in_stock,250ml,Iš karto apsaugo dažytus plaukus nuo blukimo ir spalvos pakitimų.Plaukai tampa stipresni ir lengviau šukuojami.Specialiai dažytiems plaukams skirtomis medžiagomis papildytą formulę sukurti mus įkvėpė pasifloros ir apelsinų žievelės.- Pasifloros garsėja gydomąja galia – jose gausu pagrindinių mais...,OK
PLK-COLOR-RADIANCE-MSK-NA,COLOR RADIANCE kaukė,,20.00,,eur,https://plaukuosena.lt/color-radiance-kauke1,https://cdn.zyrosite.com/cdn-ecommerce/store_01K8TJ7Z5JW7HSEJN7SFYG20CX/assets/188953a6-01e0-4821-b09a-418707b8ae5a.jpg,American Crew,in_stock,,"Dažytus plaukus iš karto apsaugo nuo blukimo ir spalvos pakitimų. Spalvai suteikia pastebimo, ilgai išliekančio švytėjimo.Kad dažytų plaukų spalva išliktų tokia pat gaivi ir ryški kaip pirmąją dieną, plaukų puoselėjimui reikia skirti ypatingą dėmesį. „Radialux“ mikrojonai ir spalvą apsaugantys po...",OK
PLK-COLOR-RADIANCE-CON-NA,COLOR RADIANCE kondicionierius,,16.00,,eur,https://plaukuosena.lt/color-radiance-kauke,https://cdn.zyrosite.com/cdn-ecommerce/store_01K8TJ7Z5JW7HSEJN7SFYG20CX/assets/b5200496-819e-44d4-9eeb-cfa65fbe0213.jpg,American Crew,in_stock,,"Dažytus plaukus iš karto apsaugo nuo blukimo ir spalvos pakitimų. Spalvai suteikia pastebimo, ilgai išliekančio švytėjimo.Kad dažytų plaukų spalva išliktų tokia pat gaivi ir ryški kaip pirmąją dieną, plaukų puoselėjimui reikia skirti ypatingą dėmesį. „Radialux“ mikrojonai ir spalvą apsaugantys po...",OK
PLK-COLOR-RADIANCE-SHA-NA,COLOR RADIANCE šampūnas,,14.00,,eur,https://plaukuosena.lt/color-radiance-sampunas,https://cdn.zyrosite.com/cdn-ecommerce/store_01K8TJ7Z5JW7HSEJN7SFYG20CX/assets/70c7fad4-d7d0-4326-8b82-3955f89277d7.jpg,American Crew,in_stock,,"Iš karto padeda apsaugoti dažytus plaukus nuo blukimo ir spalvos pakitimų, suteikia ilgai išliekantį blizgesį.Kad dažytų plaukų spalva išliktų tokia pat gaivi ir ryški kaip pirmąją dieną, plaukų puoselėjimui reikia skirti ypatingą dėmesį. „Radialux“ mikrojonai ir spalvą apsaugantys polimerai ne t...",OK
PLK-COLOUR-MAINTAIN-CON-NA,COLOUR MAINTAINER FLOWER FRAGRANCE CONDITIONER kondicionierius dažytiems plaukams,,19.00,,eur,https://plaukuosena.lt/colour-maintainer-flower-fragrance-conditioner-kondicionierius-dazytiems-plaukams,https://cdn.zyrosite.com/cdn-ecommerce/store_01K8TJ7Z5JW7HSEJN7SFYG20CX/assets/f12f4ee8-316b-41a7-8d3b-30ea414d5751.png,American Crew,in_stock,,COLOUR MAINTAINER CONDITIONER FLOWER FRAGRANCE kondicionierius dažytiems plaukamsSukurtas siekiant išlaikyti optimalų plaukų drėgmės balansą ir išsaugoti spalvos spindesį. Moringų ekstraktas ir sojų baltymai maitina ir tausoja plaukus. Komponentas Integrity 41® apsaugo plaukų spalvą nuo išblukimo...,OK
PLK-COLOUR-MAINTAIN-SHA-NA,COLOUR MAINTAINER FLOWER FRAGRANCE SHAMPOO šampūnas dažytiems plaukams,,17.00,,eur,https://plaukuosena.lt/colour-maintainer-flower-fragrance-shampoo-sampunas-dazytiems-plaukams,https://cdn.zyrosite.com/cdn-ecommerce/store_01K8TJ7Z5JW7HSEJN7SFYG20CX/assets/e2ba385c-cd82-46d8-a674-c29c565d4b36.png,American Crew,in_stock,,"Švelniai plauna dažytus plaukus, palaiko plaukų drėgmės balansą ir tausoja spalvą. Moringų ekstraktas ir sojų baltymai maitina ir tausoja plaukus. Komponentas Integrity 41® apsaugo plaukų spalvą nuo išblukimo. Be parabenų, tinka veganams.",OK
PLK-CURL-PASSION-CON-NA-6027,CURL PASSION CONDITIONER kondicionierius garbanotiems plaukams,,20.00,,eur,https://plaukuosena.lt/curl-passion-conditioner-kondicionierius-garbanotiems-plaukams,https://cdn.zyrosite.com/cdn-ecommerce/store_01K8TJ7Z5JW7HSEJN7SFYG20CX/assets/a9008a8a-9ca2-40f4-af88-644753de306f.webp,American Crew,in_stock,,"CURL PASSION CONDITIONER kondicionierius garbanotiems plaukamsIdealiai tinka visų tipų plaukams, suteikia jiems švelnumo ir lengvina šukavimą, bet neapsunkina. Garbanos tampa elastingos, paslankios ir ilgai išlaiko gražią formą. Sudėtyje yra ekologiško atalių aliejaus, pieno baltymų, vaisių ekstr...",OK
PLK-CURL-PASSION-CON-NA,CURL PASSION LEAVE IN nenuskalaujamas kondicionierius,,22.30,,eur,https://plaukuosena.lt/curl-passion-leave-in-nenuskalaujamas-kondicionierius,https://cdn.zyrosite.com/cdn-ecommerce/store_01K8TJ7Z5JW7HSEJN7SFYG20CX/assets/03bbe43d-1d1e-40a3-b7eb-95a6c413e398.png,American Crew,in_stock,,"CURL PASSION LEAVE IN nenuskalaujamas kondicionierius garbanotiems plaukamsNenuskalaujamas kondicionierius suteikia plaukams švelnumo ir palengvina šukavimą. Garbanos tampa elastingos, paslankios ir ilgai išlaiko gražią formą. Sudėtyje yra ekologiško atalių aliejaus, pieno baltymų, vaisių ekstrak...",OK
PLK-CURL-PASSION-MSK-NA,CURL PASSION MASK kaukė garbanotiems plaukams,,22.80,,eur,https://plaukuosena.lt/curl-passion-mask-kauke-garbanotiems-plaukams,https://cdn.zyrosite.com/cdn-ecommerce/store_01K8TJ7Z5JW7HSEJN7SFYG20CX/assets/fd2c5cb6-c6fa-4919-b1b8-4581b2ab8a84.png,American Crew,in_stock,,"CURL PASSION MASK kaukė garbanotiems plaukamsKaukė maitina, drėkina, apsaugo garbanas nuo vėlimosi ir šiaušimosi. Sudėtyje yra ekologiško atalių aliejaus, kuris švelnina ir padeda suvaldyti garbanotus plaukus, paliekant juos elastingus, minkštus ir žvilgančius. Be parabenų.",OK
PLK-CURL-PASSION-CRM-NA,CURL PASSION PERFECTIONIST garbanų formavimo kremas,,22.30,,eur,https://plaukuosena.lt/curl-passion-perfectionist-garbanu-formavimo-kremas,https://cdn.zyrosite.com/cdn-ecommerce/store_01K8TJ7Z5JW7HSEJN7SFYG20CX/assets/92fc1d2f-8e70-43aa-9649-4bf29c9685eb.png,American Crew,in_stock,,"CURL PASSION PERFECTIONIST garbanų formavimo kremasGarbanų formavimo kremas. Suformuoja ir fiksuoja garbanas, pašalina šiaušimąsi ir gerina natūralią plauko tekstūrą. Suteikia ilgai išliekančią formą, švelnumą ir spindesį. Sudėtyje yra bolivinių balandų baltymų, Integrity 41®, ekologiškų vaisių e...",OK
PLK-CURL-PASSION-SHA-NA,CURL PASSION SHAMPOO šampūnas garbanotiems plaukams,,18.00,,eur,https://plaukuosena.lt/curl-passion-shampoo-sampunas-garbanotiems-plaukams,https://cdn.zyrosite.com/cdn-ecommerce/store_01K8TJ7Z5JW7HSEJN7SFYG20CX/assets/9abc0fee-56a1-407b-b57b-cc3b8f2b64d8.webp,American Crew,in_stock,,"CURL PASSION SHAMPOO šampūnas garbanotiems plaukamsŠvelniai plauna bei kondicionuoja visų tipų plaukus, suteikia švelnumo ir lengvina šukavimą. Garbanos tampa elastingos, paslankios ir ilgai išlaiko gražią formą. Sudėtyje yra ekologiško atalių aliejaus, pieno baltymų, vaisių ekstraktų, „Integrity...",OK
PLK-CURL-PASSION-PRD-NA,CURL PASSION SHAPER garbanotų plaukų formavimo priemonė,,29.30,,eur,https://plaukuosena.lt/curl-passion-shaper-garbanotu-plauku-formavimo-priemone,https://cdn.zyrosite.com/cdn-ecommerce/store_01K8TJ7Z5JW7HSEJN7SFYG20CX/assets/c0e31067-f847-411e-8829-46d992b004de.png,American Crew,in_stock,,"CURL PASSION SHAPER garbanotų plaukų formavimo priemonėFormuoja ir fiksuoja garbanas, sustiprina natūralią plaukų tekstūrą, suteikia apibrėžtumo garbanotiems plaukams ir juos suminkština. Specialios sudėties priemonė neleidžia plaukams šiauštis, suteikia spindesio ir saugo plaukų spalvą.",OK
PLK-DEEP-CONDITIO-MSK-NA,DEEP CONDITIONING MASK intensyvaus poveikio kaukė dažytiems plaukams,,21.50,,eur,https://plaukuosena.lt/deep-conditioning-mask-intensyvaus-poveikio-kauke-dazytiems-plaukams,https://cdn.zyrosite.com/cdn-ecommerce/store_01K8TJ7Z5JW7HSEJN7SFYG20CX/assets/e6b9db3b-a6bb-4912-b17a-c6d3e9600555.webp,American Crew,in_stock,,"DEEP CONDITIONING MASK intensyvaus poveikio kaukė dažytiems plaukamsPriemonė, sukurta ilgalaikiam spalvos stabilumui sustiprinti, sudėtyje gausu specifinių veikliųjų medžiagų, tokių kaip pieno baltymai, „Integrity 41®“ ir bolivinių balandų baltymai. Suteikia apimties, struktūros ir gilią apsaugą....",OK
PLK-DEEP-MOISTURE-MSK-NA,DEEP MOISTURE kaukė,,24.90,,eur,https://plaukuosena.lt/deep-moisture-kauke,https://cdn.zyrosite.com/cdn-ecommerce/store_01K8TJ7Z5JW7HSEJN7SFYG20CX/assets/02191c64-c0d0-435c-acfd-4abe70c7d286.jpg,American Crew,in_stock,,"Iš karto giliai sudrėkina sausus plaukus. Plaukai tampa ypač švelnūs ir sveikai švyti.Mūsų aplinka, gyvenimo būdas ir šukuosenos formavimas naudojant šildymą gali visiškai pašalinti jau ir taip sumažėjusią plaukų drėgmę – plaukai praranda gyvybingumą. „Radialux“ mikrojonai ir specialių drėkinamųj...",OK
PLK-EIMI-ABSOLUTE-PRD-300ML,"EIMI Absolute Set lakas # 4+, 300 ml",,19.00,,eur,https://plaukuosena.lt/eimi-absolute-set-lakas-4-300-ml,https://cdn.zyrosite.com/cdn-ecommerce/store_01K8TJ7Z5JW7HSEJN7SFYG20CX/assets/4609936e-f051-43d0-bf28-23a210169d95.jpg,American Crew,in_stock,300ml,"ABSOLUTE SET. Ypač stiprus plaukų lakas. Naudokite šį ypač stiprų plaukų laką bet kokiai šukuosenai sutvirtinti ir išsaugoti. Padeda apsaugoti plaukus nuo drėgmės, UV spindulių ir karščio poveikio.Pasitelkę šukuosenų formavimo priemones EIMI galėsite atskleisti savo meistriškumą ir kiekvieno klie...",OK
PLK-EIMI-DRY-SHA-180ML,"EIMI Dry Me Dry sausas šampūnas #1, 180 ml",,22.00,,eur,https://plaukuosena.lt/eimi-dry-me-dry-sausas-sampunas-1-180-ml,https://cdn.zyrosite.com/cdn-ecommerce/store_01K8TJ7Z5JW7HSEJN7SFYG20CX/assets/685481b5-65b1-4e9e-a0d1-967851f46e02.jpg,American Crew,in_stock,180ml,DRY ME. Sausasis šampūnas. Ši maniokų krakmolo turinti plaukų priežiūros priemonė sugeria galvos odos išskiriamus riebalus ir atgaivina plaukus – padaro juos purius bei paklusnius ir pašalina nepageidaujamą blizgesį.Pasitelkę šukuosenų formavimo priemones EIMI galėsite atskleisti savo meistriškum...,OK
PLK-EIMI-EXTRA-FOA-300ML,"EIMI Extra Volume putos #3, 300 ml",,23.00,,eur,https://plaukuosena.lt/eimi-extra-volume-putos-3-300-ml,https://cdn.zyrosite.com/cdn-ecommerce/store_01K8TJ7Z5JW7HSEJN7SFYG20CX/assets/4ce5d05e-e0eb-4588-9266-14c75d59b5b2.jpg,American Crew,in_stock,300ml,EXTRA VOLUME. Stiprios purinamosios plaukų putos. Darykite nuostabiai purias stulbinančios apimties šukuosenas ir patikimai jas sutvirtinkite. Putos padeda apsaugoti džiovintuvu džiovinamus plaukus nuo išsausėjimo.Pasitelkę šukuosenų formavimo priemones EIMI galėsite atskleisti savo meistriškumą ...,OK
PLK-EIMI-FLEXIBLE-PRD-250ML,"EIMI Flexible Finish lakas #2, 250 ml",,22.00,,eur,https://plaukuosena.lt/eimi-flexible-finish-lakas-2-250-ml,https://cdn.zyrosite.com/cdn-ecommerce/store_01K8TJ7Z5JW7HSEJN7SFYG20CX/assets/690edb16-bb3f-41bc-a6d0-6e1c32ae98d2.jpg,American Crew,in_stock,250ml,FLEXIBLE FINISH. Neaerozolinis formuojamasis plaukų lakas. Purkškite ir darykite šukuoseną – formuokiteir švelniai sutvirtinkite išsaugodami plaukų lankstumą. Padeda apsaugoti plaukus nuo UV spindulių ir karščiopoveikio.Pasitelkę šukuosenų formavimo priemones EIMI galėsite atskleisti savo meistri...,OK
PLK-EIMI-FLOWING-PRD-100ML,"EIMI Flowing Form balzamas #2, 100 ml",,22.00,,eur,https://plaukuosena.lt/eimi-flowing-form-balzamas-2-100-ml,https://cdn.zyrosite.com/cdn-ecommerce/store_01K8TJ7Z5JW7HSEJN7SFYG20CX/assets/1544dbd7-35f9-42b5-92ec-d0cd6f9943ab.jpg,American Crew,in_stock,100ml,FLOWING FORM. Glotninamasis plaukų balzamas nuo šiaušimosi. Suteikite plaukams nuostabaus glotnumo išsaugodami jų lankstumą bei natūralų paslankumą. Balzamas mažina plaukų šiaušimąsi ir padeda apsaugoti plaukus nuo išsausėjimo naudojant karštus šukavimo įrankius.Pasitelkę šukuosenų formavimo prie...,OK
PLK-EIMI-GLAM-PRD-200ML,"EIMI Glam Mist lakas / blizgis #1, 200 ml",,27.00,,eur,https://plaukuosena.lt/eimi-glam-mist-lakas-blizgis-1-200-ml,https://cdn.zyrosite.com/cdn-ecommerce/store_01K8TJ7Z5JW7HSEJN7SFYG20CX/assets/47a0bc9e-6340-462e-a327-ccd1efe76dda.jpg,American Crew,in_stock,200ml,"GLAM MIST purškiamasis plaukų blizgis. Suteikite šukuosenai kerinčio žvilgesio pasitelkę šį blizgį, kuris padeda apsaugoti plaukus nuo nepageidaujamo drėgmės ir UV spindulių poveikio.Pasitelkę šukuosenų formavimo priemones EIMI galėsite atskleisti savo meistriškumą ir kiekvieno kliento išvaizdos ...",OK
PLK-EIMI-MISTIFY-PRD-300ML,"EIMI Mistify Me Light lakas #2, 300 ml",,22.00,,eur,https://plaukuosena.lt/eimi-mistify-me-light-lakas-2-300-ml,https://cdn.zyrosite.com/cdn-ecommerce/store_01K8TJ7Z5JW7HSEJN7SFYG20CX/assets/f44de339-ff78-47c5-bef9-4840e03045b9.jpg,American Crew,in_stock,300ml,"MISTIFY ME LIGHT. Kurkite nepriekaištingą stilių su plaukų laku. Šis lakas itin puikiai tiks skubantiems žmonėms, nes ypač greitai džiūsta. Lakas užtikrina vidutinę fiksaciją, tačiau nesulipina plaukų ir leidžia performuoti šukuoseną tiek kartų, kiek tik norite. Plaukus lengva iššukuoti, o lakas ...",OK
PLK-EIMI-MISTIFY-PRD-300ML-4AE5,"EIMI Mistify Me Strong lakas #3, 300 ml",,22.00,,eur,https://plaukuosena.lt/eimi-mistify-me-strong-lakas-3-300-ml,https://cdn.zyrosite.com/cdn-ecommerce/store_01K8TJ7Z5JW7HSEJN7SFYG20CX/assets/25a65e8a-b11d-4d44-9b95-7db4a88549e5.jpg,American Crew,in_stock,300ml,"MISTIFY ME STRONG. Išryškinkite savo stilių su stiprios fiksacijos plaukų laku. Šis plaukų lakas pasižymi itin greitu džiūvimu, todėl labai patiks skubantiems žmonėms. Unikalios MICROMIST technologijos ir lengvos konsistencijos formulės dėka, lakas pasižymi ypač plonu purškimo pasiskirstymu, ir f...",OK
PLK-EIMI-NUTRICUR-FOA-300ML,"EIMI NUTRICURLS BOOST BOUNCE 72h švelnios putos garbanoms #2, 300 ml",,23.50,,eur,https://plaukuosena.lt/eimi-nutricurls-boost-bounce-72h-svelnios-putos-garbanoms-2-300-ml,https://cdn.zyrosite.com/cdn-ecommerce/store_01K8TJ7Z5JW7HSEJN7SFYG20CX/assets/e1731c4e-394c-435e-b753-e948d7cfbf89.jpg,American Crew,in_stock,300ml,"WELLA EIMI NUTRICURLS BOOST BOUNCEplaukų putos, skirtos suteikti garbanoms purumo.72 valandas veikiančios švelnios putos suteikia garbanotiems plaukams vidutinę fiksaciją. Putos yra ypač švelnios, minkština garbanotus ir banguotus plaukus. Putos sukurtos pagal naują technologiją, kuri drėkina išs...",OK
PLK-EIMI-NATURAL-FOA-300ML,"EIMI Natural Volume putos #2, 300 ml",,23.00,,eur,https://plaukuosena.lt/eimi-natural-volume-putos-2-300-ml,https://cdn.zyrosite.com/cdn-ecommerce/store_01K8TJ7Z5JW7HSEJN7SFYG20CX/assets/9473f762-aafe-44c0-9acb-7e105a4f8d11.jpg,American Crew,in_stock,300ml,NATURAL VOLUME. Švelnios purinamosios putos. Suteikite šukuosenai purumo ir švelniai ją sutvirtinkite. Padeda apsaugoti džiovintuvu džiovinamus plaukus nuo išsausėjimo.Pasitelkę šukuosenų formavimo priemones EIMI galėsite atskleisti savo meistriškumą ir kiekvieno kliento išvaizdos savitumą. Šios ...,OK
PLK-EIMI-NUTRICUR-CRM-150ML,"EIMI Nutricurls Curl Shaper kremas #2, 150 ml",,24.00,,eur,https://plaukuosena.lt/eimi-nutricurls-curl-shaper-kremas-2-150-ml,https://cdn.zyrosite.com/cdn-ecommerce/store_01K8TJ7Z5JW7HSEJN7SFYG20CX/assets/05eb6823-d484-4232-a92a-05a825b67fc3.jpg,American Crew,in_stock,150ml,"SHARPER CREAM. Kremas skirtas sukurti norimos formos ir struktūros garbanas. Šis kremas veikia 72val. suteikia garbanotiems plaukams vidutinę fiksaciją, apibrėžtumą, padeda gražiai atskirti garbanas, todėl jos nepraranda lankstumo ir atrodo natūraliai. Sudėtis praturtinta maitinančiais ir kondici...",OK
PLK-EIMI-NUTRICUR-PRD-150ML,"EIMI Nutricurls Fresh Up purškalas #1, 150 ml",,24.00,,eur,https://plaukuosena.lt/eimi-nutricurls-fresh-up-purskalas-1-150-ml,https://cdn.zyrosite.com/cdn-ecommerce/store_01K8TJ7Z5JW7HSEJN7SFYG20CX/assets/c849de07-4e68-4b6b-b4ed-a59ac843799e.jpg,American Crew,in_stock,150ml,"FRESH UP. 72 valandas veikiantis purškiklis, kurio pagalba išvengsite plaukų vėlimosi. Tai naujoviška purškiamoji priemonė, kuri visapusiškai apsaugo plaukus nuo išorinių kenksmingų faktorių, atpalaiduoja ir glotnina plaukus. Priemonės sudėtis praturtinta žaliosios arbatos ekstraktu, kuris skatin...",OK
PLK-EIMI-NUTRICUR-FOA-200ML,"EIMI Nutricurls Soft Twirl putos #2, 200 ml",,26.50,,eur,https://plaukuosena.lt/eimi-nutricurls-soft-twirl-putos-2-200-ml,https://cdn.zyrosite.com/cdn-ecommerce/store_01K8TJ7Z5JW7HSEJN7SFYG20CX/assets/01c8bbb3-0429-4f4c-9d1e-508b94ae4ba9.jpg,American Crew,in_stock,200ml,"SOFT TWIRL. Vidutinės fiksacijos švelninančios putos garbanotiems plaukams, suteikia net 72 val. trunkančią fiksaciją. Putos atpalaiduoja plaukus, jie tampa švelnūs, ypatingai minkšti, sumažinamas plaukų šiaušimąsis ir vėlimąsis. Putos savo sudėtyje turi kondicionuojančių medžiagų, todėl visapusi...",OK
PLK-EIMI-OCEAN-PRD-150ML,"EIMI Ocean Spritz purškalas su druska #2, 150 ml",,23.00,,eur,https://plaukuosena.lt/eimi-ocean-spritz-purskalas-su-druska-2-150-ml,https://cdn.zyrosite.com/cdn-ecommerce/store_01K8TJ7Z5JW7HSEJN7SFYG20CX/assets/ad6f5336-91da-4ba8-8a8d-12468afe45c7.jpg,American Crew,in_stock,150ml,OCEAN SPRITZ. Formuojamasis plaukų purškalas su druska. Šis plaukų purškalas su natūralia druska leidžia pasidaryti paplūdimiui būdingą šukuoseną ir padeda apsaugoti plaukus nuo išsausėjimo bei kenksmingo UV spindulių poveikio.Pasitelkę šukuosenų formavimo priemones EIMI galėsite atskleisti savo ...,OK
PLK-EIMI-PEARL-GEL-100ML,"EIMI Pearl Styler gelis #3, 100 ml",,22.00,,eur,https://plaukuosena.lt/eimi-pearl-styler-gelis-3-100-ml,https://cdn.zyrosite.com/cdn-ecommerce/store_01K8TJ7Z5JW7HSEJN7SFYG20CX/assets/144e8417-a5e5-4fb1-a96d-9ea6632bffa9.jpg,American Crew,in_stock,100ml,PEARL STYLER. Formuojamasis plaukų gelis. Šis gelis leidžia padaryti sušiauštų plaukų šukuoseną ir patikimai ją sutvirtina išsaugodamas plaukų lankstumą. Suteikia plaukams perlų spindesį ir padeda apsaugoti juos nuo UV spindulių poveikio.Pasitelkę šukuosenų formavimo priemones EIMI galėsite atskl...,OK
PLK-EIMI-PERFECT-PRD-100ML,"EIMI Perfect Me losjonas #1, 100 ml",,23.00,,eur,https://plaukuosena.lt/eimi-perfect-me-losjonas-1-100-ml,https://cdn.zyrosite.com/cdn-ecommerce/store_01K8TJ7Z5JW7HSEJN7SFYG20CX/assets/c2858f89-5b77-4ca7-9214-22d5758e79fd.jpg,American Crew,in_stock,100ml,"PERFECT ME. Glotninamasis plaukų būklę gerinantis losjonas. Naudokite šį lengvą plaukų būklę gerinantį losjoną natūraliai atrodančioms glotnioms šukuosenoms daryti. Jis atkuria ir drėkina plaukus, daro juos spindinčius bei paklusnius ir saugo nuo šukavimo įrankių skleidžiamo karščio.Pasitelkę šuk...",OK
PLK-EIMI-PERFECT-PRD-150ML,"EIMI Perfect Setting purškiamas plaukų losjonas #2, 150 ml",,22.00,,eur,https://plaukuosena.lt/eimi-perfect-setting-purskiamas-plauku-losjonas-2-150-ml,https://cdn.zyrosite.com/cdn-ecommerce/store_01K8TJ7Z5JW7HSEJN7SFYG20CX/assets/831cbe0a-7ea7-4da3-9d64-a7da293455c7.jpg,American Crew,in_stock,150ml,PERFECT SETTING. Švelnus formuojamasis purškiamasis plaukų losjonas Suteikite plaukams spindesioir darykite purias šukuosenas. Losjonas puoselėja plaukus ir saugo juos nuo džiovintuvo skleidžiamo karščio.Pasitelkę šukuosenų formavimo priemones EIMI galėsite atskleisti savo meistriškumą ir kiekvie...,OK
PLK-EIMI-ROOT-FOA-200ML,"EIMI Root Shoot purškiamos putos #2, 200 ml",,23.50,,eur,https://plaukuosena.lt/eimi-root-shoot-purskiamos-putos-2-200-ml,https://cdn.zyrosite.com/cdn-ecommerce/store_01K8TJ7Z5JW7HSEJN7SFYG20CX/assets/20d544d5-a43b-420a-8011-c64e7eae68ee.jpg,American Crew,in_stock,200ml,ROOT SHOOT. Plaukus palei šaknis pakeliančios putos. Lengva tiksliai užtepti ir pakelti plaukus prie pat šaknų.Pasitelkę šukuosenų formavimo priemones EIMI galėsite atskleisti savo meistriškumą ir kiekvieno kliento išvaizdos savitumą. Šios priemonės leis būti savimi ir garsiai perteiks Jūsų minti...,OK
PLK-EIMI-SHAPE-GEL-150ML,"EIMI SHAPE ME 48 val plaukų formą išlaikantis gelis #2, 150 ml",,19.00,,eur,https://plaukuosena.lt/eimi-shape-me-48-val-plauku-forma-islaikantis-gelis-2-150-ml,https://cdn.zyrosite.com/cdn-ecommerce/store_01K8TJ7Z5JW7HSEJN7SFYG20CX/assets/cf24ed41-364c-4e1f-8323-ab8095dae01b.jpg,American Crew,in_stock,150ml,"Fiksuojamoji želė su polimerų kompleksu, kuris padeda formuoti džiovinant plaukus ir išlaikyti šukuoseną iki 48 val.Polimerų kompleksas vizualiai pastorina kiekvieną plauką, greitai ir lengvai sutramdo nepaklusnius plaukus, veikia antistatiškai, saugo juos nuo šiaušimosi, todėl plaukai iš karto t...",OK
PLK-EIMI-SHAPE-FOA-300ML,"EIMI Shape Control putos #4, 300 ml",,20.00,,eur,https://plaukuosena.lt/eimi-shape-control-putos-4-300-ml,https://cdn.zyrosite.com/cdn-ecommerce/store_01K8TJ7Z5JW7HSEJN7SFYG20CX/assets/bbbd8914-6602-4103-878b-c10b2612242f.jpg,American Crew,in_stock,300ml,SHAPE CONTROL. Ypač stiprios formuojamosios plaukų putos. Pasitelkę plaukų džiovintuvą ir šias ypač stiprias putas galite daryti bet kokias šukuosenas. Putos padeda apsaugoti džiovintuvu džiovinamus plaukus nuo išsausėjimo.Pasitelkę šukuosenų formavimo priemones EIMI galėsite atskleisti savo meis...,OK
PLK-EIMI-SUGAR-PRD-150ML,"EIMI Sugar Lift purškalas apimčiai #3, 150 ml",,22.00,,eur,https://plaukuosena.lt/eimi-sugar-lift-purskalas-apimciai-3-150-ml,https://cdn.zyrosite.com/cdn-ecommerce/store_01K8TJ7Z5JW7HSEJN7SFYG20CX/assets/0e33562e-8331-4101-a44a-730c2fbfb1af.jpg,American Crew,in_stock,150ml,"SUGAR LIFT. Plaukų apimtį didinantis formuojamasis purškalas su cukrumi. Padidinkite ir išlaikykite plaukų apimtį. Šis tirštas tąsus purškalas, kuriame yra cukraus, pakelia plaukus, suteikia jiems spindesio ir sutvirtina šukuoseną.Pasitelkę šukuosenų formavimo priemones EIMI galėsite atskleisti s...",OK
PLK-EIMI-SUPER-PRD-300ML,"EIMI Super Set lakas #4, 300 ml",,18.00,,eur,https://plaukuosena.lt/eimi-super-set-lakas-4-300-ml,https://cdn.zyrosite.com/cdn-ecommerce/store_01K8TJ7Z5JW7HSEJN7SFYG20CX/assets/a4229f5f-7428-44ab-b006-da4faa1587a9.jpg,American Crew,in_stock,300ml,"SUPER SET ypač stiprus plaukų lakas. Pasitelkę šį ypač stiprų plaukų laką patikimai sutvirtinsite bet kokiąšukuoseną. Padeda apsaugoti plaukus nuo drėgmės, UV spindulių ir karščio poveikio.Pasitelkę šukuosenų formavimo priemones EIMI galėsite atskleisti savo meistriškumą ir kiekvieno kliento išva...",OK
PLK-EIMI-THERMAL-PRD-150ML,"EIMI Thermal Image purškalas nuo karščio #2, 150 ml",,22.00,,eur,https://plaukuosena.lt/eimi-thermal-image-purskalas-nuo-karscio-2-150-ml,https://cdn.zyrosite.com/cdn-ecommerce/store_01K8TJ7Z5JW7HSEJN7SFYG20CX/assets/27f63de3-6f4d-4932-9873-48b4fbc2f296.jpg,American Crew,in_stock,150ml,HERMAL IMAGE plaukus nuo karščio saugantis purškalas. Pasitelkę šį dvisluoksnį purškalą apsaugosite plaukus naudodami karštus šukavimo įrankius. Pirmas sluoksnis maitina plaukus ir saugo juos net nuo 220 °C karščio. Antras sluoksnis daro plaukus glotnius ir spindinčius.Pasitelkę šukuosenų formavi...,OK
PLK-FUSION-INTENSYV-CON-NA,FUSION intensyviai plaukus atkuriantis kondicionierius,,26.00,,eur,https://plaukuosena.lt/fusion-intensyviai-plaukus-atkuriantis-kondicionierius,https://cdn.zyrosite.com/cdn-ecommerce/store_01K8TJ7Z5JW7HSEJN7SFYG20CX/assets/9f9fdb95-485e-476c-b6b2-486e49f19cfe.jpg,American Crew,in_stock,,"Iš karto padeda apsaugoti plaukus nuo lūžinėjimo, kurį sukelia šukavimas ir mechaniniai pažeidimai. Apsaugo plaukus nuo vėlimosi ir suteikia jiems lygumą. Su šilko aminorūgštimis.Akimirksniu ir ilgam plaukus atkurianti WELLA PROFESSIONALS FUSION priemonių serija, skirta naudoti ir salone, ir namu...",OK
PLK-GLISTENI-ARGAN-OIL-NA,GLISTENING ARGAN OIL arganų aliejus,,29.00,,eur,https://plaukuosena.lt/glistening-argan-oil-arganu-aliejus,https://cdn.zyrosite.com/cdn-ecommerce/store_01K8TJ7Z5JW7HSEJN7SFYG20CX/assets/e8ec0139-6902-4e09-8f7e-92dbc42a0048.png,American Crew,in_stock,,"GLISTENING ARGAN OIL arganų aliejusTai puikus natūralus produktas, kuris pagerina plaukų būklę iš karto, tik panaudojus. Arganų aliejus maitina ir atkuria natūralią plaukų būklę, suteikia žvilgesio ir apimties. Jis pasižymi stipriu antioksidaciniu poveikiu ir natūralia apsauga nuo saulės.",OK
PLK-GARBANOT-PLAUKAI-PRD-NA,Garbanoti plaukai | Priežiūros priemonės garbanotiems plaukams,,,,EUR,https://plaukuosena.lt/garbanoti-plaukai,"https://assets.zyrosite.com/cdn-cgi/image/format=auto,w=1440,h=756,fit=crop,f=jpeg/YCBIxgFD4BQDpKte/hf_20260119_182333_2c51bc08-8293-40f0-ab56-621de252197c-d6KqDxeTBHEvXb2r.png",American Crew,in_stock,,"Garbanoti plaukai. Atrask priemones garbanotiems plaukams: šampūnai, kondicionieriai, kaukės ir formavimo priemonės, padedančios išryškinti garbanas, drėkinti ir sumažinti šiaušimąsi.",CHECK_PRICE
PLK-ICY-BLOND-CON-NA,ICY BLOND CONDITIONER kondicionierius šviesiems plaukams,,19.60,,eur,https://plaukuosena.lt/icy-blond-conditioner-kondicionierius-sviesiems-plaukams,https://cdn.zyrosite.com/cdn-ecommerce/store_01K8TJ7Z5JW7HSEJN7SFYG20CX/assets/43ff1e78-0eaf-481b-8b24-b56b697a19c0.png,American Crew,in_stock,,"ICY BLOND CONDITIONER specialus kondicionierius šviesiems plaukamsSudėtyje yra specialaus juodo pigmento, kuris suteikia plaukams švelnumo ir pašalina geltonus ir oranžinius atspalvius iš šviesių arba nušviesintų plaukų, suteikdamas pelenų atspalvį. Pieno baltymai giliai atkuria plaukus, jie atro...",OK
PLK-ICY-BLOND-SHA-NA,ICY BLOND SHAMPOO šampūnas šviesiems plaukams,,18.00,,eur,https://plaukuosena.lt/icy-blond-shampoo-sampunas-sviesiems-plaukams,https://cdn.zyrosite.com/cdn-ecommerce/store_01K8TJ7Z5JW7HSEJN7SFYG20CX/assets/cac84108-877e-4753-baa2-36d67665c464.png,American Crew,in_stock,,"ICY BLOND SHAMPOO specialus šampūnas šviesiems plaukamsŠampūnas švelniai plauna plaukus, sudėtyje esantis specialus juodas pigmentas pašalina geltonus ir oranžinius atspalvius iš šviesių arba nušviesintų plaukų, suteikdamas pelenų atspalvį.",OK
PLK-INCREDIB-MILK-PRD-NA,INCREDIBLE MILK FLOWER FRAGRANCE plaukus kondicionuojantis pienelis,,18.90,,eur,https://plaukuosena.lt/incredible-milk-flower-fragrance-plaukus-kondicionuojantis-pienelis,https://cdn.zyrosite.com/cdn-ecommerce/store_01K8TJ7Z5JW7HSEJN7SFYG20CX/assets/728171ea-b913-4828-bd2e-5816d611a9a2.png,American Crew,in_stock,,Plaukus kondicionuojantis pienelis visų tipų plaukams. Savo išskirtinės formulės dėka pienelis atlieka net 12 funkcijų:1. Atstato visų tipų plaukų struktūrą;2. Padeda suvaldyti nepaklusnius garbanotus plaukus;3. Apsaugo plaukų galiukus nuo šakojimosi;4. Apsaugo nuo karščio;5. Užtikrina ilgesnį šu...,OK
PLK-INSTALIG-STIPRINA-SHA-NA,INSTALIGHT SHAMPOO stiprinamasis šampūnas plaukams,,18.00,,eur,https://plaukuosena.lt/instalight-shampoo-stiprinamasis-sampunas-plaukams,https://cdn.zyrosite.com/cdn-ecommerce/store_01K8TJ7Z5JW7HSEJN7SFYG20CX/assets/40bb94ca-92af-4d11-9f97-87579e8d0d24.png,American Crew,in_stock,,"INSTA.LIGHT SHAMPOO stiprinamasis šampūnas su užpildo efektu visų tipų plaukamsŠvelniai plauna plaukus, jie tampa lengvai iššukuojami, švelnūs ir spindintys. Su pieno proteinais, hialurono rūgštimi ir citrinų bei mėlynių ekstraktais, kurie akimirksniu atgaivina ir stiprina plaukus. Kreminė tekst...",OK
PLK-INSTALOT-SKYSTA-MSK-NA,INSTALOTION skysta kaukė plaukams,,22.00,,eur,https://plaukuosena.lt/instalotion-skysta-kauke-plaukams,https://cdn.zyrosite.com/cdn-ecommerce/store_01K8TJ7Z5JW7HSEJN7SFYG20CX/assets/b00458f3-53bf-48dc-a159-d98ece3d546d.webp,American Crew,in_stock,,"INSTA.LOTION skysta kaukė, suteikianti plaukams glotnumo ir šilko švelnumoPriemonė su pieno proteinais, hialurono rūgštimi ir citrinų bei mėlynių ekstraktais. Vos per kelias sekundes sutvarko linkusius veltis plaukus ir juos drėkina, iškart suteikia blizgesio ir mažina šiaušimąsi. Skysta tekstūra...",OK
PLK-INTEGRIT-INCREDIB-OIL-NA,INTEGRITY INCREDIBLE OIL apsauginis atkuriamasis aliejus,,56.00,,eur,https://plaukuosena.lt/integrity-incredible-oil-apsauginis-atkuriamasis-aliejus,https://cdn.zyrosite.com/cdn-ecommerce/store_01K8TJ7Z5JW7HSEJN7SFYG20CX/assets/80d0d251-f362-4ff0-aa1f-23a517459152.png,American Crew,in_stock,,"INTEGRITY INCREDIBLE OIL apsauginis atkuriamasis aliejusApsauginis atkuriamasis aliejus pažeistiems plaukams ir suskilinėjusiems galiukams yra intensyvios priežiūros priemonė. Ji stabdo ir padeda išvengti galiukų skilinėjimo, apsaugo plaukus nuo džiovintuvo, tiesinimo bei garbanojimo žnyplių kar...",OK
PLK-INTEGRIT-LEAVE-SPR-NA,INTEGRITY LEAVE IN purškiklis pažeistiems plaukams,,19.00,,eur,https://plaukuosena.lt/integrity-leave-in-purskiklis-pazeistiems-plaukams,https://cdn.zyrosite.com/cdn-ecommerce/store_01K8TJ7Z5JW7HSEJN7SFYG20CX/assets/f74f788d-213a-40fc-8be9-75aa8e85a177.webp,American Crew,in_stock,,"LEAVE IN purškiklis pažeistiems plaukamsNenuplaunamos priemonės sudėtyje yra natūralios kilmės keratino, baltymų ir aminorūgščių su hialurono rūgštimi, turinčių gilų drėkinamąjį poveikį. Stiprina ir glotnina plaukus, bet jų neapsunkina. Plaukai tampa lengviau šukuojami.",OK
PLK-INTEGRIT-INTENSIV-MSK-NA,INTEGRITY&STRENGTH INTENSIVE TREATMENT stipriai maitinanti kaukė pažeistiems plaukams,,24.00,,eur,https://plaukuosena.lt/integrityandstrength-intensive-treatment-stipriai-maitinanti-kauke-pazeistiems-plaukams,https://cdn.zyrosite.com/cdn-ecommerce/store_01K8TJ7Z5JW7HSEJN7SFYG20CX/assets/9d17895a-b0dc-4293-9fb5-25d4e81c7172.png,American Crew,in_stock,,"INTEGRITY & STRENGTH INTENSIVE TREATMENT stipriai maitinanti kaukė pažeistiems plaukamsGiliai plaukus stiprinanti ir atkurianti kaukė suteikia minkštumo, glotnumo, paklusnumo ir palengvina iššukavimą. Sudėtyje esantis muru muru sviestas maitina ir mažina pasišiaušimą, o burnočių sėklų ekstraktas ...",OK
PLK-INTEGRIT-NOURISHI-CON-NA,INTEGRITY&STRENGTH NOURISHING CONDITIONER maitinantis kondicionierius,,21.50,,eur,https://plaukuosena.lt/integrityandstrength-nourishing-conditioner-maitinantis-kondicionierius,https://cdn.zyrosite.com/cdn-ecommerce/store_01K8TJ7Z5JW7HSEJN7SFYG20CX/assets/d7eb8303-1738-41b2-8aad-585928205249.png,American Crew,in_stock,,"INTEGRITY NOURISHING CONDITIONER maitinantis kondicionieriusMaitinamasis kondicionierius visų tipų plaukams. Specialiai sukurtas visų tipų plaukams maitinti ir kondicionuoti, padeda išlaikyti plaukų spalvą. Sudėtis praturtinta ekologišku Muru Muru sviestu, kuris kondicionuoja ir maitina plaukus.",OK
PLK-INTEGRIT-NOURISHI-SHA-NA,INTEGRITY&STRENGTH NOURISHING SHAMPOO maitinantis šampūnas pažeistiems plaukams,,19.20,,eur,https://plaukuosena.lt/integrityandstrength-nourishing-shampoo-maitinantis-sampunas-pazeistiems-plaukams,https://cdn.zyrosite.com/cdn-ecommerce/store_01K8TJ7Z5JW7HSEJN7SFYG20CX/assets/cf1f1398-28da-45f8-9ea9-a3c1e85c7ff6.png,American Crew,in_stock,,"INTEGRITY & STRENGTH NOURISHING SHAMPOO maitinantis šampūnas pažeistiems plaukamsŠvelniai plauna, stiprina ir atkuria plaukus, suteikiant jiems minkštumo, glotnumo ir spindesio. Sudėtis praturtinta muru muru sviestu, kuris pasižymi drėkinamosiomis ir maitinamosiomis savybėmis bei burnočių sėklų e...",OK
PLK-INTEGRIT-REPAIRIN-PRD-NA,INTEGRITY&STRENGTH REPAIRING HAIR LOTION stiprus proteinų koncentratas plaukams,,24.00,,eur,https://plaukuosena.lt/integrityandstrength-repairing-hair-lotion-stiprus-proteinu-koncentratas-plaukams,https://cdn.zyrosite.com/cdn-ecommerce/store_01K8TJ7Z5JW7HSEJN7SFYG20CX/assets/b1caa947-5c47-4e89-8b01-59096365bd8d.webp,American Crew,in_stock,,"INTEGRITY&STRENGTH REPAIRING HAIR LOTION stiprus proteinų koncentratasplaukams Stiprus proteinų koncentratas plaukams praturtintas amino rūgštimis, kurios atkuria ir stiprina pažeistus ir chemiškai apdorotus plaukus, paliekant juos minkštus ir žvilgančius. Sudėtis praturtinta muru muru sviestu, k...",OK
PLK-INTEGRIT-SPLIT-SPR-NA,INTEGRITY&STRENGTH SPLIT ENDS SAVIOR purškiklis pažeistiems plaukams,,20.00,,eur,https://plaukuosena.lt/integrityandstrength-split-ends-savior-purskiklis-pazeistiems-plaukams,https://cdn.zyrosite.com/cdn-ecommerce/store_01K8TJ7Z5JW7HSEJN7SFYG20CX/assets/aeb4d580-8f81-4cc3-bdeb-0b966ad13c7e.png,American Crew,in_stock,,"INTEGRITY & STRENGTH SPLIT ENDS SAVIOR purškiklis pažeistiems plaukamsNenuskalaujama priemonė atkuria ir apsaugo kutikulę bei stiprina plaukų struktūrą. Plaukai tampa minkšti, glotnūs ir žvilgantys. Sudėtis praturtinta muru muru sviestu, kuris pasižymi drėkinamosiomis ir maitinamosiomis savybėmis...",OK
PLK-INVIGO-BLONDE-SHA-NA,INVIGO BLONDE RECHARGE geltoną atspalvį neutralizuojantis šampūnas,,22.00,,eur,https://plaukuosena.lt/invigo-blonde-recharge-geltona-atspalvi-neutralizuojantis-sampunas,https://cdn.zyrosite.com/cdn-ecommerce/store_01K8TJ7Z5JW7HSEJN7SFYG20CX/assets/61e0e49f-b917-4955-b58c-1a2dc44b9b47.jpg,American Crew,in_stock,,"Atgaivina spalvą ir puoselėja natūralius šviesius ar šviesintus plaukus. Intensyvus našlaičių šampūnas neutralizuoja geltoną atspalvį, neleidžia plaukams lūžinėti, daro juos minkštus ir šilkinius liesti.- PUOSELĖJAMIEJI INGREDIENTAI. Lygina šviesintų plaukų paviršių, suteikia plaukams išpuoselėt...",OK
PLK-INVIGO-BLONDE-CON-200ML,"INVIGO BLONDE RECHARGE šaltą atspalvį suteikiantis kondicionierius, 200 ml",,28.00,,eur,https://plaukuosena.lt/invigo-blonde-recharge-salta-atspalvi-suteikiantis-kondicionierius-200-ml,https://cdn.zyrosite.com/cdn-ecommerce/store_01K8TJ7Z5JW7HSEJN7SFYG20CX/assets/3dc901e9-409d-4ffd-808f-292e3328f27b.jpg,American Crew,in_stock,200ml,"Atgaivina spalvą ir išsaugo šviesių spalvų sodrumą ir įvairovę. Sudėtyje yra drėkinamųjų ingredientų, intensyviai puoselėjančių plaukus.- PUOSELĖJAMIEJI INGREDIENTAI. Lygina šviesintų plaukų paviršių, suteikia plaukams išpuoselėtą išvaizdą ir šilkinio minkštumo.- DAŽOMIEJI PIGMENTAI. Mišinio form...",OK
PLK-INVIGO-SCALP-SER-6ML,"INVIGO SCALP BALANCE serumas nuo plaukų slinkimo, 8x6ml",,44.00,,eur,https://plaukuosena.lt/invigo-scalp-balance-serumas-nuo-plauku-slinkimo-8x6ml,https://cdn.zyrosite.com/cdn-ecommerce/store_01K8TJ7Z5JW7HSEJN7SFYG20CX/assets/0ac06d9c-42c4-4ede-b4e6-ff007d17f540.jpg,American Crew,in_stock,6ml,"Gaivinamasis serumas padeda sumažinti plaukų slinkimą, plaukai tampa stipresni ir storesni.- KRUOPŠČIAI ATRINKTI INGREDIENTAI. Veiksmingai ramina galvos odą, suteikia plaukams energijos. Linijos sudėtyje yra ypatingų puoselėjamųjų ingredientų, skirtų specifinėms problemoms spręsti (lotoso ekstrak...",OK
PLK-INVIGO-SUN-PRD-150ML,"INVIGO SUN CARE UV purškalas apsaugantis nuo UV spindulių su provitaminu B5, 150 ml",,29.00,,eur,https://plaukuosena.lt/invigo-sun-care-uv-purskalas-apsaugantis-nuo-uv-spinduliu-su-provitaminu-b5-150-ml,https://cdn.zyrosite.com/cdn-ecommerce/store_01K8TJ7Z5JW7HSEJN7SFYG20CX/assets/bea4f015-42e6-4f80-b369-3c74778fa577.jpg,American Crew,in_stock,150ml,"Aukšto poveikio UV plaukų spalvos apsauginis nenuplaunamas purškalas. Su Sun – Blend technologija.INVIGO SUN. UV spinduliai, jūros vėjas, chloras ir sūrus vanduo gali pažeisti viršutinį plauko sluoksnį, išsausinti ir išblukinti. Gali tapti sunku suvaldyti plaukus. INVIGOSUN liniją su aukštos koky...",OK
PLK-KARSCIO-APSAUGA-PRD-NA,Karščio apsauga plaukams | Apsauga nuo karščio,,,,EUR,https://plaukuosena.lt/karscio-apsauga-plaukams,"https://assets.zyrosite.com/cdn-cgi/image/format=auto,w=1440,h=756,fit=crop,f=jpeg/YCBIxgFD4BQDpKte/hf_20260119_182333_2c51bc08-8293-40f0-ab56-621de252197c-d6KqDxeTBHEvXb2r.png",American Crew,in_stock,,"Karščio apsauga plaukams visiems plaukų tipams: apsaugo nuo džiovintuvo, tiesintuvo ar garbanojimo žnyplių. Tinka sausiems ar pažeistiems plaukams. Profesionalios priemonės internetu.",CHECK_PRICE
PLK-LEAVE-IN-CON-NA,LEAVE IN CONDITIONER FLOWER FRAGRANCE nenuskalaujamas kondicionierius,,21.00,,eur,https://plaukuosena.lt/leave-in-conditioner-flower-fragrance-nenuskalaujamas-kondicionierius,https://cdn.zyrosite.com/cdn-ecommerce/store_01K8TJ7Z5JW7HSEJN7SFYG20CX/assets/8c38e360-1aa4-40f3-80d1-63fd05fadb48.png,American Crew,in_stock,,"LEAVE IN CONDITIONER FLOWER FRAGRANCE nenuskalaujamas kondicionierius visų tipų plaukamsPurškiamas kondicionierius drėkina ir suteikia paklusnumo sausiems ir pažeistiems plaukams. Padeda palaikyti optimalią plaukų drėgmės pusiausvyrą, suteikiant švelnumo, minkštumo ir nuostabaus aromato. Moringų ...",OK
PLK-MOISTURE-MORE-CON-NA,MOISTURE & MORE CONDITIONER drėkinamasis kondicionierius sausiems plaukams,,17.00,,eur,https://plaukuosena.lt/moisture-and-more-conditioner-drekinamasis-kondicionierius-sausiems-plaukams,https://cdn.zyrosite.com/cdn-ecommerce/store_01K8TJ7Z5JW7HSEJN7SFYG20CX/assets/9fd3e0cd-3cd4-4c27-9475-b1bd26bb4e46.png,American Crew,in_stock,,"MOISTURE & MORE CONDITIONER drėkinamasis kondicionierius sausiems plaukamsSuteikia plaukams švelnumo, palengvina iššukavimą ir išlaiko optimalią plaukų drėgmės pusiausvyrą. Jo sudėtyje yra ekologiškų papajų ekstrakto, „Integrity 41®“, senėjimą stabdančios ir plaukų spalvą apsaugančios hialurono r...",OK
PLK-MOISTURE-PLUS-CRM-NA,MOISTURE PLUS WHIPPED CREAM drėkinamosios putos sausiems plaukams,,19.00,,eur,https://plaukuosena.lt/moisture-plus-whipped-cream-drekinamosios-putos-sausiems-plaukams,https://cdn.zyrosite.com/cdn-ecommerce/store_01K8TJ7Z5JW7HSEJN7SFYG20CX/assets/8af7f7bd-70ae-43f3-b8a7-ca5fa1c0bbc8.webp,American Crew,in_stock,,"MOISTURE PLUS WHIPPED CREAM drėkinamosios putos sausiems plaukamsSuteikia plaukams švelnumo, sausi plaukai tampa lengviau iššukuojami, išlaiko optimalią plaukų drėgmės pusiausvyrą. Plaukai tampa švelnūs, žvilgantys ir sveiki. Jų sudėtyje yra ekologiškų papajų ekstrakto, „Integrity 41®“, senėjimą ...",OK
PLK-MOISTURE-HYDRATIN-PRD-NA,MOISTURE&MORE HYDRATING LOTION drėkinamasis losjonas sausiems plaukams,,29.00,,eur,https://plaukuosena.lt/moistureandmore-hydrating-lotion-drekinamasis-losjonas-sausiems-plaukams,https://cdn.zyrosite.com/cdn-ecommerce/store_01K8TJ7Z5JW7HSEJN7SFYG20CX/assets/34e3c3da-7fa7-4bb4-a951-8ff1150e33ac.webp,American Crew,in_stock,,"MOISTURE & MORE HYDRATING LOTION drėkinamasis losjonas sausiems plaukamsKoncentruotas losjonas suteikia plaukams švelnumo, palengvina iššukavimą ir išlaiko optimalią plaukų drėgmės pusiausvyrą. Plaukai tampa švelnūs, žvilgantys ir sveiki. Sudėtyje yra ekologiškų papajų ekstrakto, „Integrity 41®“,...",OK
PLK-MOISTURE-DREKINAM-SHA-NA,MOISTURE&MORE SHAMPOO drėkinamasis šampūnas sausiems plaukams,,15.00,,eur,https://plaukuosena.lt/moistureandmore-shampoo-drekinamasis-sampunas-sausiems-plaukams,https://cdn.zyrosite.com/cdn-ecommerce/store_01K8TJ7Z5JW7HSEJN7SFYG20CX/assets/3e5f63cf-df47-45e5-88af-e3561a3c7134.webp,American Crew,in_stock,,"MOISTURE & MORE SHAMPOO drėkinamasis šampūnas sausiems plaukamsŠvelnus šampūnas, kuris suteikia plaukams švelnumo, palengvina iššukavimą ir išlaiko optimalią plaukų drėgmės pusiausvyrą. Jo sudėtyje yra ekologiškų papajų ekstrakto, „Integrity 41®“, senėjimą stabdančios ir plaukų spalvą apsaugančio...",OK
PLK-MOISTURE-SIERO-SER-NA,MOISTURE&MORE SIERO ILLUMINANTE drėkinamasis spindesio suteikiantis serumas,,32.00,,eur,https://plaukuosena.lt/moistureandmore-siero-illuminante-drekinamasis-spindesio-suteikiantis-serumas,https://cdn.zyrosite.com/cdn-ecommerce/store_01K8TJ7Z5JW7HSEJN7SFYG20CX/assets/07c4138c-6a51-4ae1-b02a-24cdfad63075.webp,American Crew,in_stock,,"MOISTURE&MORE SIERO ILLUMINANTE drėkinamasis spindesio suteikiantis serumasDrėkina plaukus, sulygina kutikulą, plaukai įgauna daugiau spindesio. Prisotintas hialurono ir ekologiško papajų ekstrakto, serumas maitina plaukus ir greitai atkuria jų drėgmę. Sudėtyje yra niacinamido, kuris pasižymi ant...",OK
PLK-NO-FRIZZ-CON-NA,NO FRIZZ ALLOWED PERFECTING CONDITIONER kondicionierius šiauštis linkusiems plaukams,,21.00,,eur,https://plaukuosena.lt/no-frizz-allowed-perfecting-conditioner-kondicionierius-siaustis-linkusiems-plaukams,https://cdn.zyrosite.com/cdn-ecommerce/store_01K8TJ7Z5JW7HSEJN7SFYG20CX/assets/74260607-8186-41a3-aab0-fa7b9d33cdfa.png,American Crew,in_stock,,"NO FRIZZ ALLOWED PERFECTING CONDITIONER kondicionierius šiauštis linkusiems plaukamsŠvelni ir kreminė kondicionieriaus formulė palengvina plaukų iššukavimą, jų neapsunkinant ir suteikiant plaukams švelnumo ir paklusnumo. Sudėtyje yra giliai drėkinančių pieno baltymų ir kakaku slyvų ekstrakto, kur...",OK
PLK-NO-FRIZZ-SHA-NA,NO FRIZZ ALLOWED PERFECTING SHAMPOO šampūnas šiauštis linkusiems plaukams,,19.00,,eur,https://plaukuosena.lt/no-frizz-allowed-perfecting-shampoo-sampunas-siaustis-linkusiems-plaukams,https://cdn.zyrosite.com/cdn-ecommerce/store_01K8TJ7Z5JW7HSEJN7SFYG20CX/assets/1b73df2a-a171-4121-a186-d4279faaf31c.png,American Crew,in_stock,,"NO FRIZZ ALLOWED PERFECTING SHAMPOO šampūnas šiauštis linkusiems plaukamsŠvelniai valo ir palieka plaukus minkštus, švelnius ir lengviau suvaldomus. Sudėtis praturtinta pieno proteinais, kurie maitina ir stiprina plaukus, bei kakadu slyvų ekstraktu, kuriame gausu vitmino C ir atioksidantų. Sukurt...",OK
PLK-NO-10-BOND-GEL-NA,No.10 BOND SHAPER™ CURL DEFINING GEL,,34.00,,eur,https://plaukuosena.lt/no10-bond-shapertm-curl-defining-gel,https://cdn.zyrosite.com/cdn-ecommerce/store_01K8TJ7Z5JW7HSEJN7SFYG20CX/assets/6e3ed035-956b-465b-a424-b8b30e2641de.png,American Crew,in_stock,,"Pirmasis rinkoje garbanas formuojantis gelis, kuris atkuria ir formuoja ryšius, lemiančius natūralų garbanų raštą ir stiprumą. Patentuota OLAPLEX Bond Building Technology™ ir itin kondicionuojantis garbanas išlaikantis junginys atkuria, sujungia ir sustiprina nutrūkusias disulfidines jungtis. Ban...",OK
PLK-NO-4FINE-BOND-SHA-NA,No.4FINE Bond Maintenance Shampoo,,19.00,,eur,https://plaukuosena.lt/no4fine-bond-maintenance-shampoo,https://cdn.zyrosite.com/cdn-ecommerce/store_01K8TJ7Z5JW7HSEJN7SFYG20CX/assets/c99d5b13-2995-490c-b568-67b721c151a7.png,American Crew,in_stock,,"Naujasis OLAPLEX duetas – N°.4FINE Bond Maintenance Shampoo ir N°.5FINE Bond Maintenance Conditioner – specialiai sukurti plonų plaukų savininkams. Lengvesnės sudėties, bet veiksmingi produktai idealiai tinka kasdieniam naudojimui, suteikia pastebimos apimties, gyvybingumo ir kondicionavimo, tači...",OK
PLK-NO-4P-BOND-SHA-NA,No.4P BOND ENHANCER TONING SHAMPOO,,34.00,,eur,https://plaukuosena.lt/no4p-bond-enhancer-toning-shampoo,https://cdn.zyrosite.com/cdn-ecommerce/store_01K8TJ7Z5JW7HSEJN7SFYG20CX/assets/edb6f281-e6cd-4872-bec1-b7478940b7ed.png,American Crew,in_stock,,"Visuose OLAPLEX produktuose naudojama mūsų patentuota technologija, kuri kiekviename žingsnyje stiprina trapias plaukų jungtis, kad plaukai būtų kuo sveikesni.KAS TAI YRA?Mūsų geriausiai parduodamas, patobulintas šampūnas skirtas šviesių plaukų grožiui pabrėžti. OLAPLEX No.4P BOND ENHANCER TONING...",OK
PLK-NO-5FINE-BOND-CON-NA,No.5FINE Bond Maintenance Conditioner,,19.00,,eur,https://plaukuosena.lt/no5fine-bond-maintenance-conditioner,https://cdn.zyrosite.com/cdn-ecommerce/store_01K8TJ7Z5JW7HSEJN7SFYG20CX/assets/ccafd5f1-87db-45ae-af6b-3dad5b5af329.png,American Crew,in_stock,,"Naujasis OLAPLEX duetas – N°.4FINE Bond Maintenance Shampoo ir N°.5FINE Bond Maintenance Conditioner – specialiai sukurti plonų plaukų savininkams. Lengvesnės sudėties, bet veiksmingi produktai idealiai tinka kasdieniam naudojimui, suteikia pastebimos apimties, gyvybingumo ir kondicionavimo, tači...",OK
PLK-PINIGU-GRAZINIM-PRD-NA,Pinigų grąžinimo politika – grąžinimo sąlygos,,,,EUR,https://plaukuosena.lt/pinigu-grazinimo-politika,"https://assets.zyrosite.com/cdn-cgi/image/format=auto,w=1440,h=756,fit=crop,f=jpeg/YCBIxgFD4BQDpKte/hf_20260119_182333_2c51bc08-8293-40f0-ab56-621de252197c-d6KqDxeTBHEvXb2r.png",American Crew,in_stock,,"Pinigų grąžinimo politika – sužinokite prekių grąžinimo sąlygas ir pinigų grąžinimo tvarką. Pateikiame informaciją apie terminus, procedūras ir galimybes grąžinti prekes.",CHECK_PRICE
PLK-GELIAI-SERUMAI-SER-NA,Plaukų geliai ir serumai | Profesionalios formavimo priemonės,,,,EUR,https://plaukuosena.lt/plauku-geliai-ir-serumai,"https://assets.zyrosite.com/cdn-cgi/image/format=auto,w=1440,h=756,fit=crop,f=jpeg/YCBIxgFD4BQDpKte/hf_20260119_182333_2c51bc08-8293-40f0-ab56-621de252197c-d6KqDxeTBHEvXb2r.png",American Crew,in_stock,,"Plaukų geliai ir serumai visiems plaukų tipams: formuojantys, glotninantys, drėkinantys. Tinka sausiems, pažeistiems ar linkusiems pūstis plaukams. Profesionalios priemonės internetu.",CHECK_PRICE
PLK-KAUKES-PROFESIO-MSK-NA,Plaukų kaukės | Profesionalios plaukų kaukės internetu,,,,EUR,https://plaukuosena.lt/plauku-kaukes,"https://assets.zyrosite.com/cdn-cgi/image/format=auto,w=1440,h=756,fit=crop,f=jpeg/YCBIxgFD4BQDpKte/hf_20260119_182333_2c51bc08-8293-40f0-ab56-621de252197c-d6KqDxeTBHEvXb2r.png",American Crew,in_stock,,"Plaukų kaukės visiems plaukų tipams: drėkinančios, atstatančios, maitinančios. Tinka sausiems, pažeistiems ar dažytiems plaukams. Profesionalios plaukų kaukės internetu.",CHECK_PRICE
PLK-RICH-HYDRATIO-MSK-NA,Rich Hydration Mask,,51.50,,eur,https://plaukuosena.lt/rich-hydration-mask,https://cdn.zyrosite.com/cdn-ecommerce/store_01K8TJ7Z5JW7HSEJN7SFYG20CX/assets/2d89d52d-0761-42dc-a4d6-d3ebe5da60b7.png,American Crew,in_stock,,"Kutikulę užsandarinanti kaukė, skirta drėkinti ir kontroliuoti pūtimąsi sausiems arba vidutinio storio ir šiurkštiems plaukams.Ši giliai atkurianti, drėkinanti plaukų kaukė, skirta dehidratuotiems arba vidutinio storio ir šiurkštiems plaukams, yra sukurta naudojant biomimetinę kutikulės technolog...",OK
PLK-SILVER-SHINE-CON-NA,SILVER SHINE CONDITIONER kondicionierius žiliems / šviesintiems plaukams,,19.50,,eur,https://plaukuosena.lt/silver-shine-conditioner-kondicionierius-ziliems-sviesintiems-plaukams,https://cdn.zyrosite.com/cdn-ecommerce/store_01K8TJ7Z5JW7HSEJN7SFYG20CX/assets/78ae2b87-aede-4bf6-a3fc-ede2a0e31735.webp,American Crew,in_stock,,"SILVER SHINE CONDITIONER kondicionierius žiliems / šviesintiems plaukamsSudėtyje yra specialaus pigmento, kuris neutralizuoja nepageidaujamą geltoną, auksinį ir vario atspalvį, būdingą žiliems, šviesiems ir šviesintiems plaukams. Plaukai tampa atgaivinti, švelnūs ir gyvybingi. Sudėtyje taip pat y...",OK
PLK-SILVER-SHINE-SHA-NA,SILVER SHINE LIGHT SHAMPOO šampūnas žiliems / šviesintiems plaukams,,17.50,,eur,https://plaukuosena.lt/silver-shine-shampoo-sampunas-ziliems-sviesintiems-plaukams,https://cdn.zyrosite.com/cdn-ecommerce/store_01K8TJ7Z5JW7HSEJN7SFYG20CX/assets/33a6ba33-a228-4fc9-8fe9-6b66a129541b.webp,American Crew,in_stock,,"SILVER SHINE SHAMPOO šampūnas žiliems / šviesintiems plaukamsŠis šampūnas padeda panaikinti nepageidaujamus geltonus atspalvius nuo šviesintų ar žilų plaukų. Specialus violetinis pigmentas, suderintas su kondicionuojančiais veiksniais, „užgesina” gintarinį atspalvį, suteikia plaukams minkštumo ir...",OK
PLK-SMOOTHIN-MIRACLE-SPR-NA,SMOOTHING MIRACLE SHIELD nuo karščio ir drėgmės apsaugantis purškiklis,,23.00,,eur,https://plaukuosena.lt/smoothing-miracle-shield-nuo-karscio-ir-dregmes-apsaugantis-purskiklis,https://cdn.zyrosite.com/cdn-ecommerce/store_01K8TJ7Z5JW7HSEJN7SFYG20CX/assets/4f9a2abf-0979-4209-b9ac-a2365f16cfd9.webp,American Crew,in_stock,,"SMOOTHING MIRACLE SHIELD nuo karščio ir drėgmės apsaugantis purškiklisItin lengvas purškiklis specialiai sukurtas apsaugoti plaukus ir suteikti jiems glotnumo formavimo metu. Novatoriška formulė apgaubia kiekvieną plaukų sruogą nematoma plėvele, kuri apsaugo plaukus nuo drėgmės, suteikdama jiems ...",OK
PLK-SUN-SPARK-PRD-250ML,"SUN SPARK LEAVE-IN losjonas, 250 ml",,19.90,,eur,https://plaukuosena.lt/sun-spark-leave-in-losjonas-250-ml,https://cdn.zyrosite.com/cdn-ecommerce/store_01K8TJ7Z5JW7HSEJN7SFYG20CX/assets/2ed98f39-97be-49f3-9ff0-0d72b6b30996.png,American Crew,in_stock,250ml,"Giliai pamaitina ir intensyviai apsaugo plaukus nuo žalingų UV spindulių. Švelnesniems, labiau blizgantiems plaukams. Naudokite prieš deginimąsi, jo metu ir po jo.Kaip ir balinamosios medžiagos, saulė ir UV spinduliai pažeidžia plaukus – kutikulė tampa šiurkšti ir porėta. Plaukus sunku šukuoti, j...",OK
PLK-SAULES-APSAUGA-PRD-NA,Saulės apsauga plaukams | Apsauga nuo UV,,,,EUR,https://plaukuosena.lt/saules-apsauga-plaukams,"https://assets.zyrosite.com/cdn-cgi/image/format=auto,w=1440,h=756,fit=crop,f=jpeg/YCBIxgFD4BQDpKte/hf_20260119_182333_2c51bc08-8293-40f0-ab56-621de252197c-d6KqDxeTBHEvXb2r.png",American Crew,in_stock,,"Saulės apsauga plaukams visiems plaukų tipams: saugo nuo UV spindulių, sausėjimo ir spalvos blukimo. Tinka dažytiems ar pažeistiems plaukams. Profesionalios priemonės internetu.",CHECK_PRICE
PLK-TONEPLEX-PEARL-SHA-NA,TONEPLEX Pearl Blonde atspalvį suteikiantis šampūnas,,17.90,,eur,https://plaukuosena.lt/toneplex-pearl-blonde-atspalvi-suteikiantis-sampunas,https://cdn.zyrosite.com/cdn-ecommerce/store_01K8TJ7Z5JW7HSEJN7SFYG20CX/assets/078c44d1-6f55-4d97-9171-76689b1e9e61.jpg,American Crew,in_stock,,"Kadus Professional TONEPLEX kaukės tai puiki priemonė prižiūrint ir puoselėjant dažytus plaukus. TONEPLEX kaukės sukurtos pagal naujausią PROPLEX technologiją, kurios formulėje yra daug daugiau ryškios spalvos pigmentų. Šios technologijos dėka plaukuose atkuriamos jungtys, kurios prarandamos chem...",OK
PLK-TONEPLEX-DAZANTI-MSK-200ML,"TONEPLEX dažanti kaukė, 200 ml",,24.90,,eur,https://plaukuosena.lt/toneplex-dazanti-kauke-200-ml,https://cdn.zyrosite.com/cdn-ecommerce/store_01K8TJ7Z5JW7HSEJN7SFYG20CX/assets/72f4806d-8501-4247-b92b-946b795f3452.jpg,American Crew,in_stock,200ml,"Kadus Professional TONEPLEX kaukės tai puiki priemonė prižiūrint ir puoselėjant dažytus plaukus. TONEPLEX kaukės sukurtos pagal naujausią PROPLEX technologiją, kurios formulėje yra daug daugiau ryškios spalvos pigmentų. Šios technologijos dėka plaukuose atkuriamos jungtys, kurios prarandamos chem...",OK
PLK-ULTIMATE-COLOR-MSK-NA,ULTIMATE COLOR Miracle Leave–in Mask – Miracle nenuplaunama kaukė STEP 2,,29.00,,eur,https://plaukuosena.lt/ultimate-color-miracle-leave-in-mask-miracle-nenuplaunama-kauke-step-2,https://cdn.zyrosite.com/cdn-ecommerce/store_01K8TJ7Z5JW7HSEJN7SFYG20CX/assets/6f764996-cf18-4ba3-a94a-1d565d3722ba.jpg,American Crew,in_stock,,"Atgaivinkite ir apsaugokite dažytus plaukus. Drėkinanti, nenuplaunama formulė, skirta spalvos ryškumui ir spindesiui išsaugoti.Sudėtyje nėra gyvūninės kilmės ingredientų. Su glicinu ir Metal Purifier technologija, kuri padeda apsaugoti plaukus nuo laisvųjų radikalų sukeliamos žalos, bei vitaminu ...",OK
PLK-ULTIMATE-COLOR-SPR-95ML,"ULTIMATE COLOR Shine Spray – Blizgesio suteikiantis purškiklis STEP 3, 95 ml",,32.00,,eur,https://plaukuosena.lt/ultimate-color-shine-spray-blizgesio-suteikiantis-purskiklis-step-3-95-ml,https://cdn.zyrosite.com/cdn-ecommerce/store_01K8TJ7Z5JW7HSEJN7SFYG20CX/assets/dde4d1d2-891e-49a2-8f98-89265d9ed025.jpg,American Crew,in_stock,95ml,"Suteikia spindesio ir ilgalaikį glotnumą. Sukurta naudojant patentuotą technologiją. Tinka visų tipų dažytiems plaukams. Iki 4 kartų glotnesni plaukai*. Formulė su glicinu užtikrina glotnumą, o vitaminas B5 padeda užrakinti drėgmę.Tinka visų tipų dažytiems plaukams. Dermatologiškai patikrinta, be...",OK
PLK-ULTIMATE-REPAIR-MSK-NA,ULTIMATE REPAIR intensyvaus poveikio kaukė pažeistiems plaukams STEP 2,,35.00,,eur,https://plaukuosena.lt/ultimate-repair-intensyvaus-poveikio-kauke-pazeistiems-plaukams-step-2,https://cdn.zyrosite.com/cdn-ecommerce/store_01K8TJ7Z5JW7HSEJN7SFYG20CX/assets/40b6a8c2-185a-422b-9154-64aa5d5b8555.png,American Crew,in_stock,,"Prabangi kaukė, skirta pažeistoms kiekvieno plauko vietoms, kad plaukai būtų akivaizdžiai glotnesni, sveikesni ir lengviau formuojami. Atstato karštų įrankių, ultravioletinių spindulių, šviesinimo, plaukų gumyčių ir priaugintų plaukų sukeltus pažeidimus. Giliai įsiskverbia į plauką, kad atkurtų p...",OK
PLK-ULTIMATE-REPAIR-CON-NA,ULTIMATE REPAIR intensyvaus poveikio kondicionierius pažeistiems plaukams STEP 2,,29.00,,eur,https://plaukuosena.lt/ultimate-repair-intensyvaus-poveikio-kondicionierius-pazeistiems-plaukams-step-2-,https://cdn.zyrosite.com/cdn-ecommerce/store_01K8TJ7Z5JW7HSEJN7SFYG20CX/assets/3634c6f3-03f0-47ee-800b-94c7e7402d89.jpg,American Crew,in_stock,,"2 ŽINGSNIS. KONDICIONAVIMAS.Intensyvaus poveikio kondicionierius pažeistiems plaukams. Kondicionierius giliai maitina, stiprina ir atstato pažeistus plaukus, kad jie būtų glotnūs ir sveiki.",OK
PLK-ULTIMATE-REPAIR-SHA-NA,ULTIMATE REPAIR intensyvaus poveikio šampūnas pažeistiems plaukams STEP 1,,27.00,,eur,https://plaukuosena.lt/ultimate-repair-intensyvaus-poveikio-sampunas-pazeistiems-plaukams-step-1,https://cdn.zyrosite.com/cdn-ecommerce/store_01K8TJ7Z5JW7HSEJN7SFYG20CX/assets/10b51403-3d69-4efa-8f65-c0c2bf55fa06.jpg,American Crew,in_stock,,"1 ŽINGSNIS. PLOVIMAS.Intensyvaus poveikio šampūnas pažeistiems plaukams. Kreminės tekstūros šampūnas su lengvai putojančia formule švelniai ir efektyviai valo plaukus. Atkuria, sustiprina ir pamaitina pažeistus plaukus.",OK
PLK-ULTIMATE-REPAIR-SER-NA,ULTIMATE REPAIR naktinis plaukų serumas STEP 5,,24.00,,eur,https://plaukuosena.lt/ultimate-repair-naktinis-plauku-serumas-step-5,https://cdn.zyrosite.com/cdn-ecommerce/store_01K8TJ7Z5JW7HSEJN7SFYG20CX/assets/0cda5ab2-52cf-4f06-8b6c-0f7b5b4bc2cf.jpg,American Crew,in_stock,,"Padeda atkurti ir apsaugoti plaukus Jums miegant. Triguba nauda jūsų plaukams: atkuria, drėkina, apsaugo. 8 valandų ilgalaikis poveikis. Patentuota technologija.",OK
PLK-ULTIMATE-SMOOTH-MSK-NA,ULTIMATE SMOOTH maitinanti kaukė su skvalanu ir omega-9,,35.00,,eur,https://plaukuosena.lt/ultimate-smooth-maitinanti-kauke-su-skvalanu-ir-omega-9,https://cdn.zyrosite.com/cdn-ecommerce/store_01K8TJ7Z5JW7HSEJN7SFYG20CX/assets/f7774306-1953-481b-9f15-746af2bac04c.jpg,American Crew,in_stock,,"ULTIMATE SMOOTH intensyviai maitinanti kaukė STEP 2Su SKAVALNU ir OMEGA-9ULTIMATE SMOOTH yra profesionali plaukų priežiūros linija, sukurta suteikti glotnumo ir pamaitinti sausus, pasišiaušusius ir praradusius gyvybingumą plaukus. Kaukė intensyviai maitina plaukus iš vidaus ir išorės, suteikia ji...",OK
PLK-VISIBLE-REPAIR-PRD-250ML,"VISIBLE REPAIR LEAVE-IN balzamas, 250 ml",,18.00,,eur,https://plaukuosena.lt/visible-repair-leave-in-balzamas-250-ml,https://cdn.zyrosite.com/cdn-ecommerce/store_01K8TJ7Z5JW7HSEJN7SFYG20CX/assets/f58db6be-f708-4260-b0ea-414e86e49877.jpg,American Crew,in_stock,250ml,"Iš karto intensyviai pamaitina pažeistus plaukus. Neleidžia plaukams elektrintis, plaukai atkuriami, tampa stipresni ir labiau švyti.„Visible Repair“ linijos priemonės specialiai sukurtos chemiškai apdorotiems, pažeistiems ir porėtiems plaukams. „Radialux“ mikrojonai lyg magnetu pritraukiami prie...",OK
PLK-VISIBLE-REPAIR-MSK-NA,VISIBLE REPAIR kaukė,,21.00,,eur,https://plaukuosena.lt/visible-repair-kauke,https://cdn.zyrosite.com/cdn-ecommerce/store_01K8TJ7Z5JW7HSEJN7SFYG20CX/assets/bb4a55d4-fca2-4714-9e27-863c4396c8c5.jpg,American Crew,in_stock,,"Iš karto atkuria ir sustiprina pažeistus plaukus. Plaukai tampa stipresni, įgauna šilko švelnumo ir pastebimo blizgesio.„Visible Repair“ linijos priemonės specialiai sukurtos chemiškai apdorotiems, pažeistiems ir porėtiems plaukams. „Radialux“ mikrojonai lyg magnetu pritraukiami prie esamų pažeid...",OK
PLK-VISIBLE-REPAIR-CON-NA,VISIBLE REPAIR kondicionierius,,18.00,,eur,https://plaukuosena.lt/visible-repair-kondicionierius,https://cdn.zyrosite.com/cdn-ecommerce/store_01K8TJ7Z5JW7HSEJN7SFYG20CX/assets/01643d0f-9cbd-4081-8652-c7463c2b4580.jpg,American Crew,in_stock,,"Iš karto atkuria ir pamaitina pažeistus plaukus. Sustiprina plaukus nuo šaknų iki galiukų, jie tampa lengviau šukuojami. Plaukai tampa stipresni, įgauna šilko švelnumo ir labiau švyti.„Visible Repair“ linijos priemonės specialiai sukurtos chemiškai apdorotiems, pažeistiems ir porėtiems plaukams. ...",OK
PLK-VISIBLE-REPAIR-SHA-NA,VISIBLE REPAIR šampūnas,,13.00,,eur,https://plaukuosena.lt/visible-repair-sampunas,https://cdn.zyrosite.com/cdn-ecommerce/store_01K8TJ7Z5JW7HSEJN7SFYG20CX/assets/bc18386f-a0b4-4385-aa76-4494ebab2985.jpg,American Crew,in_stock,,"Iš karto atkuria ir pamaitina pažeistus plaukus. Struktūrai suteikia lygumo ir vientisumo.„Visible Repair“ linijos priemonės specialiai sukurtos chemiškai apdorotiems, pažeistiems ir porėtiems plaukams. „Radialux“ mikrojonai lyg magnetu pritraukiami prie esamų pažeidimų vietų. Jie atkuria plauko ...",OK
PLK-WEIGHTLE-NOURISHI-MSK-NA,Weightless Nourishing Mask,,51.50,,eur,https://plaukuosena.lt/weightless-nourishing-mask,https://cdn.zyrosite.com/cdn-ecommerce/store_01K8TJ7Z5JW7HSEJN7SFYG20CX/assets/da078417-7753-4c31-95e9-19242f1b1aff.png,American Crew,in_stock,,"Kutikulę užsandarinanti kaukė, skirta drėkinti ir suteikti apimties ploniems ir vidutinio storio plaukams.Ši ploniems ir vidutinio storio plaukams skirta kaukė, kuri akimirksniu suteikia apimties, yra sukurta naudojant biomimetinę kutikulės technologiją, kuri užfiksuoja lengvą drėgmę ir užsandari...",OK
AMC-TM-2-CON-100ML,AMERICAN CREW™ 2 IN 1 SKIN MOISTURIZER AND BEARD CONDITIONER odos ir barzdos drėkinimo priemonė,American Crew,18.00,,eur,https://plaukuosena.lt/american-crewtm-2-in-1-skin-moisturizer-and-beard-conditioner-odos-ir-barzdos-drekinimo-priemone,https://cdn.zyrosite.com/cdn-ecommerce/store_01K8TJ7Z5JW7HSEJN7SFYG20CX/assets/cf75a7f9-69c6-4c5a-9831-d82221b146dc.jpg,American Crew,in_stock,100ml,"AMERICAN CREW™ 2 IN 1 SKIN MOISTURIZER AND BEARD CONDITIONER – lengvas, du viename produktas, dėl kurio barzda atrodo pridrėkinta ir minkštesnė, tuo pačiu drėkina ir veido odą po ja. Puikiai tinka vyrams su trumpesne barzda. (100 ml)",OK
AMC-TM-24-PRD-450ML,AMERICAN CREW™ 24 HOUR DEODORANT BODY WASH 24 valandas gaivos pojūtį suteikiantis kūno prausiklis,American Crew,20.00,,eur,https://plaukuosena.lt/american-crewtm-24-hour-deodorant-body-wash-24-valandas-gaivos-pojuti-suteikiantis-kuno-prausiklis,https://cdn.zyrosite.com/cdn-ecommerce/store_01K8TJ7Z5JW7HSEJN7SFYG20CX/assets/2893bf74-ad1e-46ed-89dd-b7c27ec20be0.jpg,American Crew,in_stock,450ml,"AMERICAN CREW™ 24 HOUR DEODORANT BODY WASH – dušo želė, kuri padeda išlikti gaiviam 24 valandas po panaudojimo. Dezodoruojamasis kūno prausiklis 24 valandas kovoja su ant odos esančiais mikroorganizmais ir neleidžia atsirasti nemaloniam prakaito kvapui dienos eigoje. (450 ml)Privalumai:Ramina ir ...",OK
AMC-TM-3-IN-1-SHA-250ML,"AMERICAN CREW™ 3-IN-1 CHAMOMILE + PINE šampūnas, kondicionierius ir dušo želė viename",American Crew,15.00,,eur,https://plaukuosena.lt/american-crewtm-3-in-1-chamomile-pine-sampunas-kondicionierius-ir-duso-zele-viename,https://cdn.zyrosite.com/cdn-ecommerce/store_01K8TJ7Z5JW7HSEJN7SFYG20CX/assets/be5e970a-6c23-494c-9e9a-2d6d68b8f3be.webp,American Crew,in_stock,250ml,"AMERICAN CREW™ 3-IN-1 CHAMOMILE + PINE – šampūnas, kondicionierius ir dušo želė su atpalaiduojančiu ramunėlių ir pušų kvapu. Išvalo ir drėkina plaukus ir kūną. (250 ml / 450 ml) Privalumai:Visų tipų plaukams ir odai.Išvalo ir pridrėkina plaukus ir kūną, tuo pačiu suteikdamas sodrias, prabangias ...",OK
AMC-TM-3-IN-1-SHA-250ML-93DE,"AMERICAN CREW™ 3-IN-1 GINGER + TEA šampūnas, kondicionierius ir dušo želė viename",American Crew,15.00,,eur,https://plaukuosena.lt/american-crewtm-3-in-1-ginger-tea-sampunas-kondicionierius-ir-duso-zele-viename,https://cdn.zyrosite.com/cdn-ecommerce/store_01K8TJ7Z5JW7HSEJN7SFYG20CX/assets/0b844bbc-73c9-49a4-a2ac-39438147d63a.webp,American Crew,in_stock,250ml,"AMERICAN CREW™ 3-IN-1 GINGER + TEA – šampūnas, kondicionierius ir dušo želė su energizuojančiu imbiero ir arbatos kvapu. Išvalo ir drėkina plaukus ir kūną. (250 ml / 450 ml) Privalumai:Visų tipų plaukams ir odai.Išvalo ir pridrėkina plaukus ir kūną, tuo pačiu suteikdamas sodrias, prabangias putas...",OK
AMC-TM-3-IN-1-SHA-250ML-2D63,"AMERICAN CREW™ 3-IN-1 TEA TREE šampūnas, kondicionierius ir dušo želė viename",American Crew,15.00,,eur,https://plaukuosena.lt/american-crewtm-3-in-1-tea-tree-sampunas-kondicionierius-ir-duso-zele-viename,https://cdn.zyrosite.com/cdn-ecommerce/store_01K8TJ7Z5JW7HSEJN7SFYG20CX/assets/a9cfbecc-b6c8-4b42-9c0e-7369f8313cbc.png,American Crew,in_stock,250ml,"AMERICAN CREW™ 3-IN-1 TEA TREE – šampūnas, kondicionierius ir dušo želė su arbatmedžio ekstraktu. Valo ir kondicionuoja kūno bei galvos odą ir plaukus suteikdamas minkštumo ir gaivos. (250 ml / 450 ml) Privalumai:Visų tipų plaukams.Malonus arbatmedžio aromatas atgaivina kūną 6-8 valandoms.Idealia...",OK
AMC-TM-3-IN-1-SHA-250ML-5A9C,"AMERICAN CREW™ 3-IN-1 šampūnas, kondicionierius ir dušo želė viename",American Crew,15.00,,eur,https://plaukuosena.lt/american-crewtm-3-in-1-sampunas-kondicionierius-ir-duso-zele-viename,https://cdn.zyrosite.com/cdn-ecommerce/store_01K8TJ7Z5JW7HSEJN7SFYG20CX/assets/541e9cab-8390-4cce-85a2-a873db0080d0.png,American Crew,in_stock,250ml,"AMERICAN CREW™ 3-IN-1 – šampūnas, kondicionierius ir dušo želė. Nepakeičiamas kelionėse ar sporto klube. Puoselėja galvos odą, plaukus ir kūno odą. (250 ml / 450 ml) Privalumai:Geriausiai tinka visų tipų plaukams.Suteikia plaukams žvilgesio, išvalo ir kondicionuoja plaukus.Drėkina odą, palieka j...",OK
AMC-TM-ALTERNAT-PRD-100ML,AMERICAN CREW™ ALTERNATOR purškiama plaukų formavimo priemonė,American Crew,17.00,,eur,https://plaukuosena.lt/american-crewtm-alternator-purskiama-plauku-formavimo-priemone,https://cdn.zyrosite.com/cdn-ecommerce/store_01K8TJ7Z5JW7HSEJN7SFYG20CX/assets/4ec3b5f0-2967-4b30-b118-f93e2f7a0f53.jpg,American Crew,in_stock,100ml,"AMERICAN CREW™ ALTERNATOR – purškiama plaukų formavimo priemonė. Purškiama lanksčios tekstūros plaukų formavimo priemonė, suteikianti dvejopą kontrolę šukuosenos formavimui ir fiksavimui. (100 ml)Privalumai:Lengvai sukursite ir keisite norimą stilių visą dieną.Nelipnus ir lengvai pašalinamas šamp...",OK
AMC-TM-ANTI-DAN-SHA-250ML,AMERICAN CREW™ ANTI-DANDRUFF + DRY SCALP SHAMPOO šampūnas nuo pleiskanų ir sausos galvos odos,American Crew,17.00,,eur,https://plaukuosena.lt/american-crewtm-anti-dandruff-dry-scalp-shampoo-sampunas-nuo-pleiskanu-ir-sausos-galvos-odos,https://cdn.zyrosite.com/cdn-ecommerce/store_01K8TJ7Z5JW7HSEJN7SFYG20CX/assets/a77d2260-bb88-4f2f-a02c-f29197c839ba.jpg,American Crew,in_stock,250ml,"AMERICAN CREW™ ANTI-DANDRUFF + DRY SCALP SHAMPOO – šampūnas nuo pleiskanų ir sausos galvos odos. (250 ml) Šis galingas duetas pašalina bet kokį dirginantį niežėjimą ir padeda išvengti pleiskanų ir su sausos galvos odos susijusius pažeidimus, todėl plaukai tampa gaivūs, drėkinami ir paklusnūs. Sud...",OK
AMC-TM-BEARD-CON-60G,AMERICAN CREW™ BEARD BALM barzdos kondicionierius ir formuotojas,American Crew,18.00,,eur,https://plaukuosena.lt/american-crewtm-beard-balm-barzdos-kondicionierius-ir-formuotojas,https://cdn.zyrosite.com/cdn-ecommerce/store_01K8TJ7Z5JW7HSEJN7SFYG20CX/assets/1828a79d-7caa-43c2-962a-444449ed373a.jpg,American Crew,in_stock,60g,AMERICAN CREW™ BEARD BALM – barzdos kondicionierius ir formuotojas. Švelnus balzamas suvaldo ir kondicionuoja barzdą. Lankstus paskirstymas barzdos formavimui. (60 g)Privalumai:Saldžiųjų migdolų aliejus ir taukmedžio sviestas kondicionuoja barzdą ir suteikia blizgesio.,OK
AMC-TM-BEARD-SER-NA,AMERICAN CREW™ BEARD SERUM serumas barzdai,American Crew,17.00,,eur,https://plaukuosena.lt/american-crewtm-beard-serum-serumas-barzdai,https://cdn.zyrosite.com/cdn-ecommerce/store_01K8TJ7Z5JW7HSEJN7SFYG20CX/assets/24fb7dba-854b-496f-89ff-52d570671762.jpg,American Crew,in_stock,,"AMERICAN CREW™ BEARD SERUM – serumas barzdai. Aliejaus pagrindu sukurta formulė, specialiai skirta barzdos priežiūrai. Lengva, greitai įsigerianti formulė specialiai sukurta barzdos plaukų priežiūrai. Natūralūs argano bei viksluolės aliejai akimirksniu kondicionuoja, palaiko barzdos minkštumą ir ...",OK
AMC-TM-BOOST-PRD-10G,AMERICAN CREW™ BOOST POWDER apimties suteikianti plaukų formavimo pudra,American Crew,17.00,,eur,https://plaukuosena.lt/american-crewtm-boost-powder-apimties-suteikianti-plauku-formavimo-pudra,https://cdn.zyrosite.com/cdn-ecommerce/store_01K8TJ7Z5JW7HSEJN7SFYG20CX/assets/0ae0d86e-adee-4165-9a2d-1a2dbb670ecf.jpg,American Crew,in_stock,10g,"AMERICAN CREW™ BOOST POWDER – apimties suteikianti plaukų formavimo pudra. Antigravitacinė plaukų formavimo pudra, suteikianti purumo, apimties ir matinės išvaizdos. Gali būti naudojama kaip pagrindas kitai American Crew plaukų formavimo priemonei. Naudoti tik ant sausų plaukų. (10 g)Privalumai:P...",OK
AMC-TM-BOOST-SHA-NA,AMERICAN CREW™ BOOST PRE-STYLING SHAMPOO,American Crew,17.00,,eur,https://plaukuosena.lt/american-crewtm-boost-pre-styling-shampoo,https://cdn.zyrosite.com/cdn-ecommerce/store_01K8TJ7Z5JW7HSEJN7SFYG20CX/assets/a1aa179a-0960-4810-9feb-a668f4a94d84.jpg,American Crew,in_stock,,"AMERICAN CREW™ BOOST PRE-STYLING SHAMPOO – Idealus pirmasis žingsnis formuojant plonesnius plaukus. Po valymo šis tūrio didinimo šampūnas sukuria pilniau atrodančių plaukų įspūdį ir suteikia pakėlimo efektą. Specialios formulės šampūnas veikia kaip prieš formavimą produktas vyrams, siekiantiems p...",OK
AMC-TM-CLASSIC-PRD-450ML,AMERICAN CREW™ CLASSIC BODY WASH klasikinio aromato kūno prausiklis,American Crew,20.00,,eur,https://plaukuosena.lt/-american-crewtm-classic-body-wash-klasikinio-aromato-kuno-prausiklis,https://cdn.zyrosite.com/cdn-ecommerce/store_01K8TJ7Z5JW7HSEJN7SFYG20CX/assets/fcc421fd-548c-4689-acab-5288d30081a9.jpg,American Crew,in_stock,450ml,"AMERICAN CREW™ CLASSIC BODY WASH – klasikinio aromato kūno prausiklis. Švelniai ir švariai išvalo kūno odą. Unikalus prieskonių ir citrusinių vaisių aromatų mišinys patiks ir vyrams ir moterims. Šis kūno prausiklis maitina ir drėkina odą, padeda odai išlikti elastingai. (450 ml) Privalumai:Ramina...",OK
AMC-TM-POMADE-CRM-85G,"AMERICAN CREW™ CREAM POMADE silpnos, vidutinės fiksacijos plaukų formavimo kreminė pomada",American Crew,16.00,,eur,https://plaukuosena.lt/american-crewtm-cream-pomade-silpnos-vidutines-fiksacijos-plauku-formavimo-kremine-pomada,https://cdn.zyrosite.com/cdn-ecommerce/store_01K8TJ7Z5JW7HSEJN7SFYG20CX/assets/b67d2510-48a2-4722-a2cd-da04accd4984.jpg,American Crew,in_stock,85g,"AMERICAN CREW™ CREAM POMADE – silpnos, vidutinės fiksacijos plaukų formavimo kreminė pomada. Drėgmės prisotinta kreminė pomada suteikia natūralų įvaizdį ir palieka plaukus natūraliai žvilgančius. (85 g)Privalumai:Suvaldo plaukus bei atrodo natūraliai.Jį išbandę plaukų priežiūros meistrai sako, jo...",OK
AMC-TM-DAILY-SHA-NA-6DA8,AMERICAN CREW™ DAILY CLEANSING SHAMPOO šampūnas kasdienei galvos odos ir plaukų priežiūrai,American Crew,17.00,,eur,https://plaukuosena.lt/american-crewtm-daily-cleansing-shampoo-sampunas-kasdienei-galvos-odos-ir-plauku-prieziurai,https://cdn.zyrosite.com/cdn-ecommerce/store_01K8TJ7Z5JW7HSEJN7SFYG20CX/assets/bd495ed0-c0fb-4f92-a6ae-74f07356f2fa.jpg,American Crew,in_stock,,"AMERICAN CREW™ DAILY CLEANSING SHAMPOO – šampūnas valo plaukus ir galvos odą, išplauna nešvarumus tuo pačiu suteikdamas plaukams dregmės ir sveikai atrodančių plaukų įvaizdį. Skaidraus skysčio formulė virsta tirštomis, skaidriomis putomis. Ši nedžiovinanti veganiška formulė sutei...",OK
AMC-TM-DAILY-SHA-NA,AMERICAN CREW™ DAILY DEEP MOISTURIZING SHAMPOO drėkinantis šampūnas kasdienei galvos odos ir plaukų priežiūrai,American Crew,15.00,,eur,https://plaukuosena.lt/american-crewtm-daily-deep-moisturizing-shampoo-drekinantis-sampunas-kasdienei-galvos-odos-ir-plauku-prieziurai,https://cdn.zyrosite.com/cdn-ecommerce/store_01K8TJ7Z5JW7HSEJN7SFYG20CX/assets/4815d0f6-6d22-476e-b1d8-cc87eb6c23d0.jpg,American Crew,in_stock,,"AMERICAN CREW™ DAILY DEEP MOISTURIZING SHAMPOO – valo ir kondicionuoja, pašalina perteklinį susikaupimą ir nepalieka plaukus riebius. Itin drėkinanti formulė švelnių plaukų jausmui, kurį galite jausti visą dieną.Skaidraus skysčio formulė virsta tirštomis, skaidriomis putomis. Ši ne...",OK
AMC-TM-DAILY-CON-NA,AMERICAN CREW™ DAILY MOISTURIZING CONDITIONER kasdienis kondicionierius plaukams,American Crew,16.00,,eur,https://plaukuosena.lt/american-crewtm-daily-moisturizing-conditioner-kasdienis-kondicionierius-plaukams,https://cdn.zyrosite.com/cdn-ecommerce/store_01K8TJ7Z5JW7HSEJN7SFYG20CX/assets/9974313f-aed5-46bb-96bd-fa58aa0ed9ca.jpg,American Crew,in_stock,,"AMERICAN CREW™ DAILY MOISTURIZING CONDITIONER – trigubo veikimo kasdienis drėkinamasis kondicionierius atkuria, stiprina ir apsaugo. Plaukai tampa minkšti, lengvai suvaldomi ir paruošti formavimui. Ši itin kondicionuojanti veganiška formulė sumažina plaukų lūžinėjimą nuo šukavimo net 8...",OK
AMC-TM-DAILY-SHA-NA-9FF9,AMERICAN CREW™ DAILY SILVER SHAMPOO kasdienis šampūnas žiliems plaukams,American Crew,17.00,,eur,https://plaukuosena.lt/american-crewtm-daily-silver-shampoo-kasdienis-sampunas-ziliems-plaukams,https://cdn.zyrosite.com/cdn-ecommerce/store_01K8TJ7Z5JW7HSEJN7SFYG20CX/assets/b6aacdf2-8cbe-4d79-841e-067c0fd0530c.webp,American Crew,in_stock,,"AMERICAN CREW™ DAILY SILVER SHAMPOO – šampūnas atgaivina ir pagyvina žilų plaukų išvaizdą. Nauja ir patobulinta formulė pašviesina žilus plaukus, švelniai drėkina ir kondicionuoja jų neapsunkindama. Patobulinta formulė su sumažintu pigmento kiekiu leidžia kasdien naudoti šampūną net nedažant plau...",OK
AMC-TM-DEFINING-PAS-NA,AMERICAN CREW™ DEFINING PASTE vidutinės fiksacijos matinė plaukų formavimo pasta,American Crew,13.00,,eur,https://plaukuosena.lt/american-crewtm-defining-paste-vidutines-fiksacijos-matine-plauku-formavimo-pasta,https://cdn.zyrosite.com/cdn-ecommerce/store_01K8TJ7Z5JW7HSEJN7SFYG20CX/assets/415c3c81-6564-45c9-819d-929ed5e73b26.jpg,American Crew,in_stock,,"AMERICAN CREW™ DEFINING PASTE – vidutinės fiksacijos matinė plaukų formavimo pasta. Bičių vaškas suteikia natūralų, lankstų fiksavimą įvairaus ilgio plaukams. Priemonė padeda išgauti tekstūrą ir apibėžtumą šukuosenoje. Defining Paste tekstūra ir poveikiu yra panaši į Fiber™, tačiau ją lengviau na...",OK
AMC-TM-DETOX-SHA-NA,AMERICAN CREW™ DETOX SHAMPOO giliai valantis šampūnas,American Crew,19.00,,eur,https://plaukuosena.lt/american-crewtm-detox-shampoo-giliai-valantis-sampunas,https://cdn.zyrosite.com/cdn-ecommerce/store_01K8TJ7Z5JW7HSEJN7SFYG20CX/assets/20ca843c-157b-44e5-aabc-7a5db4461aea.jpg,American Crew,in_stock,,"AMERICAN CREW™ DETOX SHAMPOO – suformuluotas su “Manicouagan Clay” (mineralais turtingu moliu, kuris užpildo galvos odą geležimi, kalciu, natriu, kaliu ir cinku) ir šveičiamaisiais kokoso lukšto karoliukais. Giliai valantis šampūnas, kuris pašalina perteklinį susikaupimą švelniai nus...",OK
AMC-TM-FIBER-CRM-100ML,AMERICAN CREW™ FIBER CREAM vidutinės fiksacijos formavimo kremas,American Crew,15.00,,eur,https://plaukuosena.lt/american-crewtm-fiber-cream-vidutines-fiksacijos-formavimo-kremas,https://cdn.zyrosite.com/cdn-ecommerce/store_01K8TJ7Z5JW7HSEJN7SFYG20CX/assets/98a52b5f-aba5-4d04-b86f-fdb261fff3da.jpg,American Crew,in_stock,100ml,"AMERICAN CREW™ FIBER CREAM – vidutinės fiksacijos formavimo kremas. Formavimo kremas derinantis lankstumą su plaukų suvaldymu, suteikiantis plaukams rafinuotą tekstūrą ir natūralų žvilgesį. Vidutinės fiksacijosi su natūraliu žvilgesiu. Puikiai tinka su trumpiems ir vidutinio ilgio plaukais. (100 ml)",OK
AMC-TM-FIBER-FOA-200ML,AMERICAN CREW™ FIBER GROOMING FOAM vidutinės fiksacijos putos,American Crew,14.00,,eur,https://plaukuosena.lt/american-crewtm-fiber-grooming-foam-vidutines-fiksacijos-putos,https://cdn.zyrosite.com/cdn-ecommerce/store_01K8TJ7Z5JW7HSEJN7SFYG20CX/assets/5fcba1f2-4144-4537-a620-0b39a63b3d6f.jpg,American Crew,in_stock,200ml,"AMERICAN CREW™ FIBER GROOMING FOAM – vidutinės fiksacijos putos. Lengvos pluoštinės plaukų putos, suteikiančios ilgalaikią apimtį, vidutinės fiksacijos ir natūralaus žvilgesio. Puikiai tinka vidutinio ar ilgesnio ilgio plaukais. (200 ml)Privalumai:Prideda plaukams tūrio ir apimties.Apsaugo nuo ka...",OK
AMC-TM-FIBER-SHA-NA,AMERICAN CREW™ FIBER PRE-STYLING SHAMPOO,American Crew,17.00,,eur,https://plaukuosena.lt/american-crewtm-fiber-pre-styling-shampoo,https://cdn.zyrosite.com/cdn-ecommerce/store_01K8TJ7Z5JW7HSEJN7SFYG20CX/assets/c5502f72-08e9-4f08-8c3d-a87195b5ebba.jpg,American Crew,in_stock,,"AMERICAN CREW™ FIBER PRE-STYLING SHAMPOO – Šampūnas stiprina ir atkuria plaukų skaidulas iš vidaus, prasiskverbdamas į žievę. Šis specialios formulės šampūnas veikia kaip prieš formuojantis produktas vyrams, norintiems turėti neapsukinus ir natūraliai žvilgančius plaukus. Šampūnas padidina plauk...",OK
AMC-TM-FIBERTM-CRM-85G,AMERICAN CREW™ FIBER™ stiprios fiksacijos plaukų formavimo kremas,American Crew,13.00,,eur,https://plaukuosena.lt/american-crewtm-fibertm-stiprios-fiksacijos-plauku-formavimo-kremas,https://cdn.zyrosite.com/cdn-ecommerce/store_01K8TJ7Z5JW7HSEJN7SFYG20CX/assets/bdca75b3-e42d-4da4-a6d6-27b78aea49df.jpg,American Crew,in_stock,85g,"AMERICAN CREW™ FIBER™ – stiprios fiksacijos plaukų formavimo kremas, padedanti suformuoti šukuoseną. Fiber™ padeda sutvirtinti plaukus, suteikia tekstūrą ir padidina plaukų tankumą. Suteikia tvirtą, lanksčią fiksaciją su matiniu užbaigimu. (85 g)Privalumai:Išryškina plaukų tekstūrą.Suteikia plauk...",OK
AMC-TM-FIRM-GEL-NA,AMERICAN CREW™ FIRM HOLD STYLING GEL stiprios fiksacijos plaukų formavimo gelis,American Crew,17.00,,eur,https://plaukuosena.lt/american-crewtm-firm-hold-styling-gel-stiprios-fiksacijos-plauku-formavimo-gelis,https://cdn.zyrosite.com/cdn-ecommerce/store_01K8TJ7Z5JW7HSEJN7SFYG20CX/assets/18dda614-d0fc-4ab4-9998-48736eced456.png,American Crew,in_stock,,"AMERICAN CREW™ FIRM HOLD STYLING GEL – stiprios fiksacijos plaukų formavimo gelis. Su drėkinamąja formule, kuri padeda suvaldyti plaukus ir suteikia jiems stilingumo, nedidelio žvilgesio ir lanksčios apdailos. Firm Hold Gel sudėtyje nėra alkoholio, todėl mažesnis priemonės pH nesausina odos, tači...",OK
AMC-TM-FORMING-CRM-85G,AMERICAN CREW™ FORMING CREAM vidutinės fiksacijos plaukų formavimo kremas,American Crew,17.00,,eur,https://plaukuosena.lt/american-crewtm-forming-cream-vidutines-fiksacijos-plauku-formavimo-kremas,https://cdn.zyrosite.com/cdn-ecommerce/store_01K8TJ7Z5JW7HSEJN7SFYG20CX/assets/46680676-1e35-4cbb-96bd-2809fa59aa60.jpg,American Crew,in_stock,85g,"AMERICAN CREW™ FORMING CREAM – itin lengvai naudojamas plaukų formavimo kremas puikiai tinka visų tipų plaukams. Forming Cream suteikia fiksaciją, puikų lankstumą ir natūralų žvilgesį. (85 g)Privalumai:Kremas suteikia lanksčios fiksacijos ir natūralaus žvilgesio Jūsų šukuosenai.Šio produkto dėka ...",OK
AMC-TM-FORMING-SHA-NA,AMERICAN CREW™ FORMING PRE-STYLING SHAMPOO,American Crew,17.00,,eur,https://plaukuosena.lt/-american-crewtm-forming-pre-styling-shampoo,https://cdn.zyrosite.com/cdn-ecommerce/store_01K8TJ7Z5JW7HSEJN7SFYG20CX/assets/e34f539f-8e64-476b-8233-1cb114db2243.jpg,American Crew,in_stock,,"AMERICAN CREW™ FORMING PRE-STYLING SHAMPOO – Šampūnas paryškina, drėkina ir praturtina garbanas. Specialios formulės šampūnas veikia kaip priešformuojantis produktas vyrams, siekiantiems prisotintu ir primaitintų plaukų, neapsunkinant jų. Šampūnas neleidžia pūstis plaukams, nes praturtintas jojob...",OK
AMC-TM-GROOMING-CRM-85G,AMERICAN CREW™ GROOMING CREAM stiprios fiksacijos plaukų formavimo kremas su alavijo ekstraktu,American Crew,16.00,,eur,https://plaukuosena.lt/american-crewtm-grooming-cream-stiprios-fiksacijos-plauku-formavimo-kremas-su-alavijo-ekstraktu,https://cdn.zyrosite.com/cdn-ecommerce/store_01K8TJ7Z5JW7HSEJN7SFYG20CX/assets/60cd5764-ffa9-4114-9912-990337eb40bb.jpg,American Crew,in_stock,85g,"AMERICAN CREW™ GROOMING CREAM – stiprios fiksacijos plaukų formavimo kremas su alavijo ekstraktu. Formavimo kremas ypatingai tinka naudoti norint sukurti tiesią, lygią ir aiškią šukuoseną. Taip pat puikiai tinka pageidaujant suvaldyti natūraliai besigarbanojančius plaukus. (85 g) Privalumai:Sudėt...",OK
AMC-TM-GROOMING-SPR-NA,AMERICAN CREW™ GROOMING SPRAY stiprios fiksacijos plaukų formavimo priemonė,American Crew,17.00,,eur,https://plaukuosena.lt/american-crewtm-grooming-spray-stiprios-fiksacijos-plauku-formavimo-priemone,https://cdn.zyrosite.com/cdn-ecommerce/store_01K8TJ7Z5JW7HSEJN7SFYG20CX/assets/d907f9c9-1414-492b-afc2-9e855b2213fa.jpg,American Crew,in_stock,,"AMERICAN CREW™ GROOMING SPRAY – stiprios fiksacijos plaukų formavimo priemonė. Ypatingai lankstaus naudojimo produktas. Grooming spray pasižymi „statybinėmis“ savybėmis – kuo daugiau purškiate, tuo stipresnė Jūsų šukuosenos fiksacija. Nors ir stiprios fiksacijos, tačiau lengvai šampūnu išplaunam...",OK
AMC-TM-HEAVY-PRD-85G,AMERICAN CREW™ HEAVY HOLD POMADE stiprios fiksacijos plaukų formavimo pomada su žvilgesiu,American Crew,16.00,,eur,https://plaukuosena.lt/american-crewtm-heavy-hold-pomade-stiprios-fiksacijos-plauku-formavimo-pomada-su-zvilgesiu,https://cdn.zyrosite.com/cdn-ecommerce/store_01K8TJ7Z5JW7HSEJN7SFYG20CX/assets/27719962-c631-4291-b78a-1d0ab654cfb1.jpg,American Crew,in_stock,85g,"AMERICAN CREW™ HEAVY HOLD POMADE – stiprios fiksacijos plaukų formavimo pomada su žvilgesiu. Naudokite, kai norimas pasiekti įvaizdis reikalauja itin stiprios fiskacijos ir žvilgesio. (85 g) Privalumai:Itin stipri fiksacija ir žvilgesys.Idealiai tinka lygiems, glotniems, elegantiškiems, skulptūri...",OK
AMC-TM-MATTE-SPR-150ML,AMERICAN CREW™ MATTE CLAY SPRAY absorbuojantis aliejaus perteklį ir teksturizuojamas purškalas plaukams,American Crew,13.00,,eur,https://plaukuosena.lt/american-crewtm-matte-clay-spray-absorbuojantis-aliejaus-pertekli-ir-teksturizuojamas-purskalas-plaukams,https://cdn.zyrosite.com/cdn-ecommerce/store_01K8TJ7Z5JW7HSEJN7SFYG20CX/assets/77d2ee99-3e74-47fb-864e-bbb8165ebf39.jpg,American Crew,in_stock,150ml,"AMERICAN CREW™ MATTE CLAY SPRAY – purškalas suteikiantis veiksmingą ilgalikę vidutinę fiksaciją. Šis drėgmei atsparus purškiklis suteikia plaukams tekstūros ir tūrio dėl savo lengvos formulės, kuri neapsunkins jūsų plaukų. (150 ml) Privalumai:Suteikia plaukams apimties, tankumo ir tekstūros.Ilgai...",OK
AMC-TM-MATTE-PRD-85G,AMERICAN CREW™ MATTE CLAY vidutinės fiksacijos plaukų formavimo molis,American Crew,16.00,,eur,https://plaukuosena.lt/american-crewtm-matte-clay-vidutines-fiksacijos-plauku-formavimo-molis,https://cdn.zyrosite.com/cdn-ecommerce/store_01K8TJ7Z5JW7HSEJN7SFYG20CX/assets/e43545d7-abb0-475f-a7e8-3415803c071b.jpg,American Crew,in_stock,85g,"AMERICAN CREW™ MATTE CLAY – vidutinės fiksacijos plaukų formavimo molis. Matte Clay tekstūruojanti formulė suteikia veiksmingą vidutinio stiprumo fiksaciją ir šilkinį matinį paviršių, kuris lengvai padeda sukurti įvairiausias šukuosenas. (85 g)Privalumai:Idealiai tinka trumpesniems ir vidutinio i...",OK
AMC-TM-MEDIUM-SPR-NA,AMERICAN CREW™ MEDIUM HOLD SPRAY GEL vidutinės fiksacijos purškiamas plaukų formavimo gelis,American Crew,17.00,,eur,https://plaukuosena.lt/american-crewtm-medium-hold-spray-gel-vidutines-fiksacijos-purskiamas-plauku-formavimo-gelis,https://cdn.zyrosite.com/cdn-ecommerce/store_01K8TJ7Z5JW7HSEJN7SFYG20CX/assets/41646567-9efc-4acf-90ab-dc023d18bf99.jpg,American Crew,in_stock,,"AMERICAN CREW™ MEDIUM HOLD SPRAY GEL – vidutinės fiksacijos purškiamas plaukų formavimo gelis. Produktas gali būti naudojamas kaip pamatinė priemonė prieš kirpimą. Praturtintas šalavijų, ženšenio ir putoklinio muiliaus (angl. quilajja) ekstraktais, vidutinės fiksacijos produktas leidžia pasiekti...",OK
AMC-TM-MOISTURI-CRM-NA,AMERICAN CREW™ MOISTURIZING SHAVE CREAM drėkinantis skutimo kremas,American Crew,17.00,,eur,https://plaukuosena.lt/american-crewtm-moisturizing-shave-cream-drekinantis-skutimo-kremas,https://cdn.zyrosite.com/cdn-ecommerce/store_01K8TJ7Z5JW7HSEJN7SFYG20CX/assets/9a0765de-685b-40f5-86e0-7007e9d6f8d1.jpg,American Crew,in_stock,,"AMERICAN CREW™ MOISTURIZING SHAVE CREAM – drėkinantis skutimo kremas. Neputojantis kremas sukuria apsauginį odos barjerą, užtikrinantį skustuvo slydimą, nesausindamas odos. Augalinio pagrindo, tinkamas skusti tiek normalią, tiek šiurkščią barzdą. Kondicionuojanti formulė su alavijų ir avokado ali...",OK
AMC-TM-MOLDING-PRD-NA,AMERICAN CREW™ MOLDING CLAY stiprios fiksacijos plaukų formavimo molis su bičių vašku,American Crew,17.00,,eur,https://plaukuosena.lt/american-crewtm-molding-clay-stiprios-fiksacijos-plauku-formavimo-molis-su-biciu-vasku,https://cdn.zyrosite.com/cdn-ecommerce/store_01K8TJ7Z5JW7HSEJN7SFYG20CX/assets/eee83283-e698-4263-9778-c406b521283e.jpg,American Crew,in_stock,,"AMERICAN CREW™ MOLDING CLAY – stiprios fiksacijos plaukų formavimo molis su bičių vašku. Koncentruota formavimo galia leidžia pasireikšti Jūsų fantazijai, kuriant bet kokius įvaizdžius. Pagamintas naudojant natūralius ekstraktus ir bičių vašką. Ypatingai tinka formuoti trumpas šukuosenas, bei tie...",OK
AMC-TM-POMADE-PRD-NA,AMERICAN CREW™ POMADE klasikinė pomada plaukų formavimui,American Crew,17.00,,eur,https://plaukuosena.lt/american-crewtm-pomade-klasikine-pomada-plauku-formavimui1,https://cdn.zyrosite.com/cdn-ecommerce/store_01K8TJ7Z5JW7HSEJN7SFYG20CX/assets/f00a6819-27cc-42e5-81f2-8be0c7cff53e.jpg,American Crew,in_stock,,"AMERICAN CREW™ POMADE – klasikinė pomada plaukų formavimui. Ypatingai universali, vandens pagrindu sukurta formavimo priemonė, suteikia plaukams švelnios fiksacijos ir žvilgesio. Puikiai tinka garbanotiems plaukams ir yra moderni, lanksti alternatyva formavimo geliams. Naudokite jį norėdami sukur...",OK
AMC-TM-POMADE-PRD-NA-9DF4,AMERICAN CREW™ POMADE klasikinė pomada plaukų formavimui,American Crew,17.00,,eur,https://plaukuosena.lt/american-crewtm-pomade-klasikine-pomada-plauku-formavimui,https://cdn.zyrosite.com/cdn-ecommerce/store_01K8TJ7Z5JW7HSEJN7SFYG20CX/assets/07347eaa-259b-4432-9ea3-47a55a86c5d2.jpg,American Crew,in_stock,,"AMERICAN CREW™ POMADE – klasikinė pomada plaukų formavimui. Ypatingai universali, vandens pagrindu sukurta formavimo priemonė, suteikia plaukams švelnios fiksacijos ir žvilgesio. Puikiai tinka garbanotiems plaukams ir yra moderni, lanksti alternatyva formavimo geliams. Naudokite jį norėdami sukur...",OK
AMC-TM-POST-CRM-150ML,AMERICAN CREW™ POST SHAVE COOLING LOTION drėkinamasis kremas po skutimosi,American Crew,22.00,,eur,https://plaukuosena.lt/american-crewtm-post-shave-cooling-lotion-drekinamasis-kremas-po-skutimosi,https://cdn.zyrosite.com/cdn-ecommerce/store_01K8TJ7Z5JW7HSEJN7SFYG20CX/assets/e9e1ecdc-4fdf-45c2-ac19-ce01408fe03b.jpg,American Crew,in_stock,150ml,"AMERICAN CREW™ POST SHAVE COOLING LOTION – drėkinamasis kremas po skutimosi. Dvigubo veikimo formulė lengvai drėkina ir vėsina, padeda atkurti odos pusiausvyrą. (150 ml)",OK
AMC-TM-PRECISIO-GEL-150ML,AMERICAN CREW™ PRECISION SHAVE GEL skutimo gelis,American Crew,15.00,,eur,https://plaukuosena.lt/american-crewtm-precision-shave-gel-skutimo-gelis,https://cdn.zyrosite.com/cdn-ecommerce/store_01K8TJ7Z5JW7HSEJN7SFYG20CX/assets/7e491920-7f32-4ef3-9bb5-2e0cf4dbf4e8.jpg,American Crew,in_stock,150ml,"AMERICAN CREW™ PRECISION SHAVE GEL – skutimo gelis. Skaidrus, permatomas gelis skutimui. Neputoja, idealiai tinka formuojant barzdą ar įmantrius modelinius išskutimus. Ramina odą, mažina sudirgimą galintį atsirasti barzdos skutimo metu. (150 ml) Privalumai:Užtikrina puikias drėkinimo savybes ir s...",OK
AMC-TM-REVITALI-PRD-150ML,AMERICAN CREW™ REVITALIZING TONER atgaivinantis tonikas po skutimo,American Crew,19.00,,eur,https://plaukuosena.lt/american-crewtm-revitalizing-toner-atgaivinantis-tonikas-po-skutimo,https://cdn.zyrosite.com/cdn-ecommerce/store_01K8TJ7Z5JW7HSEJN7SFYG20CX/assets/66b3bd6d-9161-4548-a3fb-60e664709172.jpg,American Crew,in_stock,150ml,"AMERICAN CREW™ REVITALIZING TONER – atgaivinantis tonikas po skutimo. Gaivinantis tonikas po skutimo ramina odą, sudirgimus. Tonizuoja ir atgaivina. Drėkina pažeistas vietas, uždaro poras ir atpalaiduoja odą. Naudokite iškart po skutimo. Švelniai įmasažuokite į ką tik nuskustą odą. (150 ml) Priva...",OK
AMC-TM-ULTRA-OIL-NA,AMERICAN CREW™ ULTRA GLIDING SHAVE OIL apsauginis aliejus po arba skutimo metu,American Crew,22.00,,eur,https://plaukuosena.lt/american-crewtm-ultra-gliding-shave-oil-apsauginis-aliejus-po-arba-skutimo-metu,https://cdn.zyrosite.com/cdn-ecommerce/store_01K8TJ7Z5JW7HSEJN7SFYG20CX/assets/d206f3f1-0864-4042-9ee4-6c2b46c506ca.jpg,American Crew,in_stock,,"AMERICAN CREW™ ULTRA GLIDING SHAVE OIL – apsauginis aliejus po arba skutimo metu. Paruošia odą skutimui. Gali būti naudojamas kaip pagrindas po skutimo kremu ar geliu, jei barzdos šeriai labai aštrūs ar oda labai jautri. Formulė praturtinta augaliniais ingredientais bei esenciniais aliejais. (50 ...",OK
AMC-TM-WHIP-CRM-NA,AMERICAN CREW™ WHIP silpnos fiksacijos plaukų formavimo kremas,American Crew,17.00,,eur,https://plaukuosena.lt/american-crewtm-whip-silpnos-fiksacijos-plauku-formavimo-kremas,https://cdn.zyrosite.com/cdn-ecommerce/store_01K8TJ7Z5JW7HSEJN7SFYG20CX/assets/b9d157be-e1e2-4ab4-991f-06875cb41c92.webp,American Crew,in_stock,,"AMERICAN CREW™ WHIP – silpnos fiksacijos plaukų formavimo kremas. Oro lengvumo besvorė formulė suteikia subtilią tekstūrą ir kontrolę, kad plaukai atrodytų natūraliai, lyg be įdėtų didelių pastangų. Ši formavimo priemonė greitai įsigeria į plaukus, suteikia plaukams apimties ir tūrio, tačiau jų n...",OK
AMC-PRIEZIUR-VYRAMS-PRD-NA,"American Crew plaukų priežiūra vyrams | Pomados, šampūnai ir formavimo priemonės",American Crew,,,EUR,https://plaukuosena.lt/american-crew,"https://assets.zyrosite.com/cdn-cgi/image/format=auto,w=1440,h=756,fit=crop,f=jpeg/YCBIxgFD4BQDpKte/hf_20260119_182333_2c51bc08-8293-40f0-ab56-621de252197c-d6KqDxeTBHEvXb2r.png",American Crew,in_stock,,"American Crew plaukų priežiūros priemonės vyrams: formavimo, priežiūros ir barzdos produktai kasdieniam naudojimui. Profesionalios American Crew plaukų priežiūros priemonės internetu su greitu pristatymu Lietuvoje.",CHECK_PRICE
DAV-APSAUGIN-SKYSTIS-PRD-NA,DAVINES APSAUGINIS SKYSTIS PLAUKAMS PH: 4 | MELU,Davines,36.00,,eur,https://plaukuosena.lt/apsauginis-skystis-plaukams-ph-4-or-melu,https://cdn.zyrosite.com/cdn-ecommerce/store_01K8TJ7Z5JW7HSEJN7SFYG20CX/assets/958d66cb-6795-4885-88d2-e4748c0b2e4f.webp,American Crew,in_stock,,"Skystis plaukams idealiai tinka apsaugoti visų tipų plaukus nuo įtampos, karščio, kurį sukelia tiesintuvas ar džiovintuvas. „Melu“ purškiklis efektyviai apsaugo plaukus nuo karščio.",OK
DAV-BLIZGESY-APSAUGA-PRD-NA,DAVINES Blizgesys ir apsauga šviesiems plaukams | Heart of Glass,Davines,29.00,,eur,https://plaukuosena.lt/blizgesys-ir-apsauga-sviesiems-plaukams-or-heart-of-glass,https://cdn.zyrosite.com/cdn-ecommerce/store_01K8TJ7Z5JW7HSEJN7SFYG20CX/assets/75106ebc-f23c-459b-aebd-1f78c58b78e0.png,American Crew,in_stock,,"Tai blizgesys ir apsauga šviesiems plaukams, kuris suteikia švytėjimo natūraliems ir dažytiems šviesiems plaukams. Stiprinančio botaninio skysčio „Heart of Glass Sheer Glaze“ sudėtyje yra nauja natūrali veiklioji medžiaga - Fortifying Botanical shield, patentuota „Davines Labs“ laboratorijoje, ku...",OK
DAV-GEROS-SAVIJAUT-SHA-NA,DAVINES GEROS SAVIJAUTOS ŠAMPŪNAS PH: 5.5 | WELL–BEING,Davines,21.00,,eur,https://plaukuosena.lt/geros-savijautos-sampunas-ph-55-or-well-being,https://cdn.zyrosite.com/cdn-ecommerce/store_01K8TJ7Z5JW7HSEJN7SFYG20CX/assets/7510575f-99a2-4412-9ed4-4950f2f034fc.webp,American Crew,in_stock,,"Tai šampūnas, praturtintas ekstraktais ir baltymais, kurie pasižymi drėkinamosiomis, apsauginėmis ir antioksidacinėmis savybėmis. Pilnavidurės ir sodrios putos valo, drėkina nepakeisdamos plaukų struktūros. Šis šampūnas tinka visų tipų plaukams. Taip pat rekomenduojamas naudoti tarp kitų NATURALT...",OK
DAV-GREITAI-PLAUKUS-MSK-NA,DAVINES GREITAI PLAUKUS ATKURIANTI KAUKĖ | THE QUICK FIX CIRCLE,Davines,12.00,,eur,https://plaukuosena.lt/greitai-plaukus-atkurianti-kauke-or-the-quick-fix-circle,https://cdn.zyrosite.com/cdn-ecommerce/store_01K8TJ7Z5JW7HSEJN7SFYG20CX/assets/333ee115-9451-4bf1-b2b6-62c9b9b773df.png,American Crew,in_stock,,"Greitai plaukus atkurianti kaukė su hialurono rūgštimi ir raudonuoju moliu drėkina plaukus ir vos per 3 min. sustabdo jų vėlimąsi, padaro plaukus paklusnius bei švelnius it šilkas.Idealiai tinka įvairių tipų plaukams, ypač, jei skubatePapildomas kondicionuojantis poveikisSuteikia papildomos apimt...",OK
DAV-DAZYTIEM-PH-CON-NA,DAVINES KONDICIONIERIUS DAŽYTIEMS PLAUKAMS PH: 4 | MINU,Davines,21.00,,eur,https://plaukuosena.lt/kondicionierius-dazytiems-plaukams-ph-4-or-minu,https://cdn.zyrosite.com/cdn-ecommerce/store_01K8TJ7Z5JW7HSEJN7SFYG20CX/assets/7ec299ab-4d5e-4428-8acb-1d7b2e351dc6.webp,American Crew,in_stock,,"Apsauginis kondicionierius, skirtas dažytiems plaukams, kuris suteikia papildomo žvilgesio. Jo formulė yra skirta atstatyti dažytus plaukus ir padaryti juos švelnius it šilkas, apsaugant kosmetinę spalvą bei neapsunkinant paties plauko.",OK
DAV-PAZEISTI-PH-CON-NA,DAVINES KONDICIONIERIUS PAŽEISTIEMS PLAUKAMS PH: 4 | MELU,Davines,21.00,,eur,https://plaukuosena.lt/kondicionierius-pazeistiems-plaukams-ph-4-or-melu,https://cdn.zyrosite.com/cdn-ecommerce/store_01K8TJ7Z5JW7HSEJN7SFYG20CX/assets/27c868d9-4d9f-41dd-b2d1-57259b7ee377.webp,American Crew,in_stock,,"Kondicionierius skirtas ilgiems ar pažeistiems plaukams. Kondicionavimo priemonė drėkina plaukus, maitina galus ir apsaugo nuo jų lūžimo. Dėl lengvos formulės plaukai tampa glotnūs ir švelnūs, tačiau neapsunkę.",OK
DAV-TIESINAN-PH-SHA-NA,DAVINES TIESINANTIS ŠAMPŪNAS PH: 5.3 | LOVE,Davines,21.00,,eur,https://plaukuosena.lt/tiesinantis-sampunas-ph-53-or-love,https://cdn.zyrosite.com/cdn-ecommerce/store_01K8TJ7Z5JW7HSEJN7SFYG20CX/assets/7691e5f8-be0d-4245-88b7-bade815e0174.webp,American Crew,in_stock,,"Tiesinantis šampūnas, skirtas pūstis linkusiems plaukams. Formulė pasižymi švelniomis ir kreminėmis putomis, kurios sukurtos švelniai valyti galvos odą, suteikti plaukams glotnumo, žvilgesio ir elastingumo.",OK
DAV-VALANTIS-NUO-SHA-NA,DAVINES VALANTIS ŠAMPŪNAS NUO PLEISKANŲ PH: 4.9 | PURIFYING,Davines,21.00,,eur,https://plaukuosena.lt/valantis-sampunas-nuo-pleiskanu-ph-49-or-purifying,https://cdn.zyrosite.com/cdn-ecommerce/store_01K8TJ7Z5JW7HSEJN7SFYG20CX/assets/d4d74325-9146-4a5a-9026-794f20ec97be.webp,American Crew,in_stock,,"Tai gydantis, detoksikuojantis šampūnas kovai su riebiomis ir sausomis pleiskanomis, Sukuriama tinkama aplinka plaukų augimui, kad plaukai ir galvos oda būtų sveiki, oda giliai išvalyta, nesukeliant jokio dirginimo. Sudėtyje esantis seleno disulfidas turi stiprų antibakterinį poveikį. Tai produkt...",OK
DAV-DAZYTIEM-PH-SHA-NA,DAVINES ŠAMPŪNAS DAŽYTIEMS PLAUKAMS PH: 5.3 | MINU,Davines,21.00,,eur,https://plaukuosena.lt/sampunas-dazytiems-plaukams-ph-53-or-minu,https://cdn.zyrosite.com/cdn-ecommerce/store_01K8TJ7Z5JW7HSEJN7SFYG20CX/assets/6a542969-9c0b-4be9-8aba-c7a8bd9ade42.webp,American Crew,in_stock,,"Tai apsauginis šampūnas, skirtas dažytiems plaukams. Jo formulė pasižymi sodriomis ir pilnavidurėmis putomis, švelniai valo galvos odą, apsaugodama spalvą ir ilgiau išlaikant plaukų blizgesį.",OK
DAV-GARBANUO-PH-SHA-NA,DAVINES ŠAMPŪNAS GARBANUOTIEMS PLAUKAMS PH: 5.3 | LOVE CURL,Davines,39.00,,eur,https://plaukuosena.lt/davines-sampunas-garbanuotiems-plaukams-ph-53-or-love-curl,https://cdn.zyrosite.com/cdn-ecommerce/store_01K8TJ7Z5JW7HSEJN7SFYG20CX/assets/abd9f475-8e18-4122-854e-e9807ba878f6.webp,American Crew,in_stock,,"Šis papildomas šampūnas garbanotiems arba banguotiems plaukams, pasižymintis kremine tekstūra, suteikia plaukams elastingumo. Dėl savo elastingumą suteikiančios formulės jis švelniai valo plaukus, palikdamas juos minkštus ir lengvus, išryškina apimtį bei suteikia žvilgesio, nepažeisdamas natūrali...",OK
DAV-PAZEISTI-PH-SHA-NA,DAVINES ŠAMPŪNAS PAŽEISTIEMS PLAUKAMS PH: 5.3 | MELU,Davines,21.00,,eur,https://plaukuosena.lt/sampunas-pazeistiems-plaukams-ph-53-or-melu,https://cdn.zyrosite.com/cdn-ecommerce/store_01K8TJ7Z5JW7HSEJN7SFYG20CX/assets/9e665e1f-46f0-43ad-a545-d89ee5dbd7d5.webp,American Crew,in_stock,,"Tai elastingumo suteikiantis šampūnas, kuris apsaugo nuo lūžinėjimo ilgus ar pažeistus plaukus. Formulė pasižyminti švelniomis ir kreminėmis putomis, skirta švelniai valyti galvos odą, o plaukams suteikia žvilgesio, švelnumo bei purumo.",OK
DAV-GAUSINIM-PH-SHA-NA,DAVINES ŠAMPŪNAS PLAUKŲ GAUSINIMUI PH: 5.3 | VOLU,Davines,21.00,,eur,https://plaukuosena.lt/sampunas-plauku-gausinimui-ph-53-or-volu,https://cdn.zyrosite.com/cdn-ecommerce/store_01K8TJ7Z5JW7HSEJN7SFYG20CX/assets/a13b2f02-8b1b-4288-9602-b6b3af8b7c0a.webp,American Crew,in_stock,,"Apimtį didinantis šampūnas ploniems plaukams. Jis švelniai valo galvos odą, suteikdamas jiems švelnumo bei lengvumo. Kartu plaukai įgauna tekstūros ir didesnės apimties.",OK
DAV-SVIESIUS-PLAUKUS-CON-100ML,DAVINES Šviesius plaukus maitinantis kondicionierius | Heart of Glass,Davines,29.00,,eur,https://plaukuosena.lt/hand-soap-giguos,https://cdn.zyrosite.com/cdn-ecommerce/store_01K8TJ7Z5JW7HSEJN7SFYG20CX/assets/729b8d37-dea5-416e-a920-52cc0231c3bb.png,American Crew,in_stock,100ml,"The product description should talk about the product in a truthful yet flattering way. Remember to include information that the potential buyer would need, for example details on sizing, color, and function. Volume: 100 ml",OK
DAV-SVIESIUS-PLAUKUS-MSK-NA,DAVINES Šviesius plaukus stiprinanti kaukė | Heart of Glass,Davines,36.00,,eur,https://plaukuosena.lt/sviesius-plaukus-stiprinanti-kauke-or-heart-of-glass,https://cdn.zyrosite.com/cdn-ecommerce/store_01K8TJ7Z5JW7HSEJN7SFYG20CX/assets/7062fec7-9648-4348-95e4-b6109a41426c.webp,American Crew,in_stock,,"Tai natūraliems ir dažytiems šviesiems plaukams skirta kaukė, kuri intensyviai maitina bei stiprina plaukus, apsaugo juos nuo lūžinėjimo, Biacidic Bond komplekso ir baobabo ekstrakto dėka. Taip pat su šia kauke užtikrinama lengvesnė plaukų kontrolė.",OK
KAD-PROFESSI-DEEP-CON-250ML,"KADUS PROFESSIONAL DEEP MOISTURE LEAVE-IN purškiamas kondicionierius, 250 ml",Kadus,20.90,,eur,https://plaukuosena.lt/deep-moisture-leave-in-purskiamas-kondicionierius-250-ml,https://cdn.zyrosite.com/cdn-ecommerce/store_01K8TJ7Z5JW7HSEJN7SFYG20CX/assets/812ff0d8-83cf-4ae5-b03e-7ae58b54d4b3.jpg,American Crew,in_stock,250ml,"Giliai sudrėkina sausus plaukus. Plaukai tampa švelnūs ir blizga, juos lengviau šukuoti.Mūsų aplinka, gyvenimo būdas ir šukuosenos formavimas naudojant šildymą gali visiškai pašalinti jau ir taip sumažėjusią plaukų drėgmę – plaukai praranda gyvybingumą. „Radialux“ mikrojonai ir specialių drėkinam...",OK
KAD-PROFESSI-DEEP-CON-NA,KADUS PROFESSIONAL DEEP MOISTURE kondicionierius,Kadus,20.90,,eur,https://plaukuosena.lt/deep-moisture-kondicionierius,https://cdn.zyrosite.com/cdn-ecommerce/store_01K8TJ7Z5JW7HSEJN7SFYG20CX/assets/11e9244b-f1b4-4fd1-a829-d04264f37221.jpg,American Crew,in_stock,,"Sudrėkina sausus plaukus Plaukai iš karto tampa švelnesni, labiau švyti, juos lengviau išpainioti ir iššukuoti.Mūsų aplinka, gyvenimo būdas ir šukuosenos formavimas naudojant šildymą gali visiškai pašalinti jau ir taip sumažėjusią plaukų drėgmę – plaukai praranda gyvybingumą. „Radialux“ mikrojona...",OK
KAD-PROFESSI-DEEP-SHA-NA,KADUS PROFESSIONAL DEEP MOISTURE šampūnas,Kadus,17.90,,eur,https://plaukuosena.lt/deep-moisture-sampunas,https://cdn.zyrosite.com/cdn-ecommerce/store_01K8TJ7Z5JW7HSEJN7SFYG20CX/assets/0f57fac1-e330-41e0-aa79-c1ef82ad3610.jpg,American Crew,in_stock,,"Padeda iš karto sudrėkinti sausus plaukus. Suteikia švelnumo ir blizgesio, plaukai tampa lengviau šukuojami.Mūsų aplinka, gyvenimo būdas ir šukuosenos formavimas naudojant šildymą gali visiškai pašalinti jau ir taip sumažėjusią plaukų drėgmę – plaukai praranda gyvybingumą. „Radialux“ mikrojonai i...",OK
KAD-PROFESSI-PRIEMONE-PRD-NA,Kadus Professional plaukų priemonės | Kadus kosmetika,Kadus,,,EUR,https://plaukuosena.lt/kadus-professional-plauku-priemones,"https://assets.zyrosite.com/cdn-cgi/image/format=auto,w=1440,h=756,fit=crop,f=jpeg/YCBIxgFD4BQDpKte/hf_20260119_182333_2c51bc08-8293-40f0-ab56-621de252197c-d6KqDxeTBHEvXb2r.png",American Crew,in_stock,,"Kadus Professional plaukų priemonės visiems plaukų tipams: šampūnai, kaukės, kondicionieriai ir formavimo priemonės. Profesionali Kadus Professional plaukų priemonės internetu su greitu pristatymu Lietuvoje.",CHECK_PRICE
MSK-NO-FRIZZ-PRD-NA,MILK SHAKE NO FRIZZ ALLOWED GLISTENING LIGHT MILK blizgesio ir glotnumo suteikiantis pienelis ploniems plaukams,Milk Shake,21.60,,eur,https://plaukuosena.lt/no-frizz-allowed-glistening-light-milk-blizgesio-ir-glotnumo-suteikiantis-pienelis-ploniems-plaukams,https://cdn.zyrosite.com/cdn-ecommerce/store_01K8TJ7Z5JW7HSEJN7SFYG20CX/assets/05f9a283-0d68-4cbc-8b2b-a9319726c645.png,American Crew,in_stock,,"NO FRIZZ ALLOWED GLISTENING LIGHT MILK blizgesio ir glotnumo suteikiantis pienelis ploniems plaukamsLengvos tekstūros pienelis užtikrina ilgalaikę drėgmės kontrolę ir apsaugo juos nuo šiaušimosi, glotnina ir suteikia minkštumo bei žvilgesio. Puikiai apsaugo nuo išorės poveikio ir padeda išlyginti...",OK
MSK-NO-FRIZZ-SER-NA,MILK SHAKE NO FRIZZ ALLOWED GLISTENING RICH SERUM blizgesio ir glotnumo suteikiantis serumas storiems plaukams,Milk Shake,40.00,,eur,https://plaukuosena.lt/no-frizz-allowed-glistening-rich-serum-blizgesio-ir-glotnumo-suteikiantis-serumas-storiems-plaukams,https://cdn.zyrosite.com/cdn-ecommerce/store_01K8TJ7Z5JW7HSEJN7SFYG20CX/assets/2ffc04fa-0925-48a2-86df-62a08a127ee1.png,American Crew,in_stock,,"NO FRIZZ ALLOWED GLISTENING RICH SERUM blizgesio ir glotnumo suteikiantis serumas storiems plaukamsAkimirksniu sustiprina blizgesį, todėl plaukai tampa minkšti ir glotnūs. Priemonė padengia plaukus nematoma plėvele, suteikia glotnumo ir pašalina šiaušimąsi. Sukurtas su vertingų aliejų mišiniu, ku...",OK
MSK-NO-FRIZZ-SPR-NA,MILK SHAKE NO FRIZZ AMAZING ANTI-HUMIDITY SPRAY apsauginis purškiklis garbanotiems plaukams,Milk Shake,24.00,,eur,https://plaukuosena.lt/amazing-anti-humidity-spray-apsauginis-purskiklis-garbanotiems-plaukams,https://cdn.zyrosite.com/cdn-ecommerce/store_01K8TJ7Z5JW7HSEJN7SFYG20CX/assets/ce022c83-2021-4842-9c57-7e44d680edec.png,American Crew,in_stock,,"NO FRIZZ AMAZING ANTI-HUMIDITY SPRAY apsauginis purškiklis garbanotiems plaukamsSuteikia ilgalaikę apsaugą nuo šiaušimosi ir drėgmės. Sudėtyje yra naujausios kartos karščiu aktyvuojamų polimerų, kurie sukuria apsauginę plėvelę aplink plaukus apsaugodami juos nuo drėgmės ir padedantys ilgiau išlai...",OK
MSK-PRIEMONE-KOSMETIK-PRD-NA,Milk Shake plaukų priežiūros priemonės | Milk Shake kosmetika,Milk Shake,,,EUR,https://plaukuosena.lt/milk-shake-plauku-prieziuros-priemones,"https://assets.zyrosite.com/cdn-cgi/image/format=auto,w=1440,h=756,fit=crop,f=jpeg/YCBIxgFD4BQDpKte/hf_20260119_182333_2c51bc08-8293-40f0-ab56-621de252197c-d6KqDxeTBHEvXb2r.png",American Crew,in_stock,,"Milk Shake plaukų priežiūros priemonės visiems plaukų tipams: drėkinančios, maitinančios ir glotninančios formulės. Profesionalios Milk Shake plaukų priežiūros priemonės internetu su greitu pristatymu Lietuvoje.",CHECK_PRICE
OLX-NO-3-PRD-NA,OLAPLEX No. 3 HAIR PERFECTOR,Olaplex,34.00,,eur,https://plaukuosena.lt/olaplex-no-3-hair-perfector,https://cdn.zyrosite.com/cdn-ecommerce/store_01K8TJ7Z5JW7HSEJN7SFYG20CX/assets/1832e17d-37c2-4f27-9dbf-03c1c80d368a.png,American Crew,in_stock,,"Ne paslaptis, jog sveikų plaukų būklės palaikymui vien kirpėjo pastangų neužtenka. Dėl kasdienių veiksmų, kurie neigiamai žaloja mūsų plaukus, jų būklė prastėja kasdien, todėl ypač daug reikšmės turi tinkama plaukų priežiūra namuose. OLAPLEX No.3 priemonė sukurta siekiant palaikyti saloninių pasl...",OK
OLX-NO-4-SHA-NA,OLAPLEX No. 4 BOND MAINTENANCE SHAMPOO,Olaplex,19.00,,eur,https://plaukuosena.lt/olaplex-no-4-bond-maintenance-shampoo,https://cdn.zyrosite.com/cdn-ecommerce/store_01K8TJ7Z5JW7HSEJN7SFYG20CX/assets/2f17f7df-64a9-44b0-8d0d-7beb0d421ee2.png,American Crew,in_stock,,"OLAPLEX No.4 sukurtas pagal unikalią patentuotą OLAPLEX plaukų jungčių atkūrimo technologiją taip, kad palaipsniui spręstų net kelias plaukų problemas iš karto: atkurtų plaukų struktūrą, drėkintų juos, skatintų augimą bei suteiktų apimties, tuo pačiu palaikytų puikią galvos odos būklę.OLAPLEX No....",OK
OLX-NO-4D-SHA-NA,OLAPLEX No. 4D Dry Shampoo,Olaplex,19.00,,eur,https://plaukuosena.lt/olaplex-no-4d-dry-shampoo,https://cdn.zyrosite.com/cdn-ecommerce/store_01K8TJ7Z5JW7HSEJN7SFYG20CX/assets/4b16b116-5392-4248-beaf-e788b5b65f8c.png,American Crew,in_stock,,"OLAPLEX No. 4D CLEAN VOLUME DETOX DRY SHAMPOO. Novatoriškas, apimties suteikiantis sausas šampūnas su odos priežiūros įkvėptais ingredientais, kurie sugeria riebalų perteklių, valo plaukus ir palaiko sveiką galvos odos būklę tarp plovimų. Plaukai atrodo tarsi ką tik išplauti. Produktas neužkemša ...",OK
OLX-NO-5-CON-NA,OLAPLEX No. 5 BOND MAINTENANCE CONDITIONER,Olaplex,19.00,,eur,https://plaukuosena.lt/olaplex-no-5-bond-maintenance-conditioner,https://cdn.zyrosite.com/cdn-ecommerce/store_01K8TJ7Z5JW7HSEJN7SFYG20CX/assets/17784e89-7411-4bd4-8b97-58350ae502d8.png,American Crew,in_stock,,"OLAPLEX No.5 sukurtas pagal unikalią patentuotą OLAPLEX plaukų jungčių atkūrimo technologiją, siekiant papildyti OLAPLEX No.4 papildomomis funkcijomis: stiprinimas, drėkinimas, apsauga, maitinimas, plaukų augimo skatinimas, sveikos galvos odos būklės palaikymas, blizgesys – visa, kas plaukams pa...",OK
OLX-NO-6-PRD-NA,OLAPLEX No. 6 BOND SMOOTHER,Olaplex,34.00,,eur,https://plaukuosena.lt/olaplex-no-6-bond-smoother,https://cdn.zyrosite.com/cdn-ecommerce/store_01K8TJ7Z5JW7HSEJN7SFYG20CX/assets/39301ecc-75fd-4fca-9e6a-0af9debc2e46.png,American Crew,in_stock,,"Dar vienas produktas sukurtas pagal unikalią patentuotą OLAPLEX plaukų jungčiųatkūrimo technologiją, padedantis suvaldyti plaukus jų stilizavimo metu. OLAPLEXNo.6 suteikia plaukams apsaugą, sveikesnę išvaizdą, drėkinimą ir glotninimą iki 72val., mažina pasišiaušimą, palengvina iššukavimą bei sutr...",OK
OLX-NO-0-INTENSIV-PRD-NA,OLAPLEX No.0 INTENSIVE BOND BUILDING HAIR TREATMENT,Olaplex,34.00,,eur,https://plaukuosena.lt/olaplex-no0-intensive-bond-building-hair-treatment,https://cdn.zyrosite.com/cdn-ecommerce/store_01K8TJ7Z5JW7HSEJN7SFYG20CX/assets/d72c34ad-0dbf-4c23-af6a-9e6dbc63c38e.png,American Crew,in_stock,,"Įkvėpti profesionalios saloninės sistemos idėjos, OLAPLEX mokslininkų komanda sukūrė intensyviausio poveikio iki šiol atkuriamąją OLAPLEX priemonę, padėsiančią ne tik paruošti plaukus prieš atstatomąją procedūrą namuose su OLAPLEX No.3, bet ir tris kartus sustiprinančią jos poveikį. Sudėtyje esan...",OK
OLX-NO-3-PLUS-PRD-NA,OLAPLEX No.3 PLUS Ultimate Repair Treatment,Olaplex,35.00,,eur,https://plaukuosena.lt/olaplex-no3-plus-ultimate-repair-treatment,https://cdn.zyrosite.com/cdn-ecommerce/store_01K8TJ7Z5JW7HSEJN7SFYG20CX/assets/39908a67-c29d-4092-ad0e-d3b12c4c285f.png,American Crew,in_stock,,"Legendinis namų plaukų priežiūros produktas Nº.3 buvo patobulintas, jam suteikta nauja, dar geresnė formulė ir naujas pavadinimas – Nº.3PLUS COMPLETE REPAIR TREATMENT. Pagrindiniai privalumai:PAGRINDINIAI PRIVALUMAIGreita, 3 minučių trukmės plaukų procedūraPlaukai akimirksniu tampa minkštesni ir ...",OK
OLX-NO-4C-BOND-SHA-NA,OLAPLEX No.4C BOND MAINTENANCE CLARIFYING SHAMPOO,Olaplex,34.00,,eur,https://plaukuosena.lt/olaplex-no4c-bond-maintenance-clarifying-shampoo,https://cdn.zyrosite.com/cdn-ecommerce/store_01K8TJ7Z5JW7HSEJN7SFYG20CX/assets/15aa41ad-b5ee-455b-82fe-67dd4515079d.png,American Crew,in_stock,,"Naujoji technologija, skirta pabrėžti tokias sveikų plaukų sąvybes, kaip minkštumas, žvilgesys ir sodri spalva. Optimizuokite plaukų atkūrimo rezultatus naudodami valomąjį šampūną, kuris pašalina produktų sankaupas, riebalus, kieto vandens mineralus, chlorą, sunkiuosius metalus ir taršą. Be sulfa...",OK
OLX-NO-5-LEAVE-IN-PRD-NA,OLAPLEX No.5 LEAVE-IN Moisturize,Olaplex,34.00,,eur,https://plaukuosena.lt/olaplex-no5-leave-in-moisturize,https://cdn.zyrosite.com/cdn-ecommerce/store_01K8TJ7Z5JW7HSEJN7SFYG20CX/assets/e18890ee-ba6f-43ff-a518-fce468bdc091.png,American Crew,in_stock,,"No.5 LEAVE-IN™ - tai prabangus kondicionierius, kuris giliai drėkina plaukus ir suteikia jiems švelnumo bei glotnumo. Unikali jo sudėtis pašalina susipainiojimus, suriša išsišakojusius galiukus ir apsaugo plaukus nuo būsimos žalos. Kondicionierius iš karto duoda rezultatų, stiprina plaukų jungtis...",OK
OLX-NO-5P-BLOND-CON-NA,OLAPLEX No.5P BLOND ENHANCER TONING CONDITIONER,Olaplex,34.00,,eur,https://plaukuosena.lt/olaplex-no5p-blond-enhancer-toning-conditioner,https://cdn.zyrosite.com/cdn-ecommerce/store_01K8TJ7Z5JW7HSEJN7SFYG20CX/assets/35185d43-ba29-4be4-bd01-153f53e9628a.jpg,American Crew,in_stock,,"Visuose OLAPLEX produktuose naudojama mūsų patentuota technologija, kuri kiekviename žingsnyje stiprina trapius plaukų ryšius, kad plaukai būtų kuo sveikesni.KAS TAI YRA?Maitinamasis kondicionierius, kuris suteikia plaukams blizgesio ir neutralizuoja nepageidaujamus geltonus atspalvius nuo šaknų ...",OK
OLX-NO-7-BONDING-OIL-NA,OLAPLEX No.7 BONDING OIL,Olaplex,34.00,,eur,https://plaukuosena.lt/olaplex-no7-bonding-oil,https://cdn.zyrosite.com/cdn-ecommerce/store_01K8TJ7Z5JW7HSEJN7SFYG20CX/assets/8f444685-5686-42dd-b4a9-73afbcfb889f.png,American Crew,in_stock,,"Daugelis galvoja, kad OLAPLEX No.7 yra tiesiog eilinis rinkoje plaukų stilizavimo aliejukas, tačiau tai kur kas daugiau! OLAPLEX No.7 sudėtyje taip pat yra patentuota disulfidines plaukų jungtis (atsako už plaukų atsparumą ir stiprumą) atkurianti ir apsauganti technologija bei kiti papildomi priv...",OK
OLX-NO-8-BOND-MSK-NA,OLAPLEX No.8 BOND INTENSE MOISTURE MASK,Olaplex,34.00,,eur,https://plaukuosena.lt/olaplex-no8-bond-intense-moisture-mask,https://cdn.zyrosite.com/cdn-ecommerce/store_01K8TJ7Z5JW7HSEJN7SFYG20CX/assets/552d57ab-d055-4c8c-9603-b292e1a25e64.png,American Crew,in_stock,,"Intensyvi plaukų drėkinamoji kaukė, kuri atkuria disulfidines jungtis, drėkina, glotnina, užpildo plaukus ir suteikia jiems žvilgesio. Tinka visiems plaukų tipams.KAS TAI?Itin koncentruota plaukų kaukė su patentuota OLAPLEX technologija. Intensyviai drėkina, stiprina, glotnina pažeistus plaukus b...",OK
OLX-NO-9-BOND-SER-NA,OLAPLEX No.9 BOND PROTECTOR NOURISHING HAIR SERUM,Olaplex,34.00,,eur,https://plaukuosena.lt/olaplex-no9-bond-protector-nourishing-hair-serum,https://cdn.zyrosite.com/cdn-ecommerce/store_01K8TJ7Z5JW7HSEJN7SFYG20CX/assets/e7ab9fdc-43dc-45c3-914c-fa13f791dc3d.png,American Crew,in_stock,,"OLAPLEX No.9 yra daugiafunkcinis plaukų serumas, kuris apsaugo ir maitina plaukų disulfidines jungtis.Šis serumas, kuriame nėra silikono ir kuris praturtintas antioksidantais, apsaugo nuo karščio, taip pat padeda apsaugoti ir sustiprinti visų tipų ir tekstūrų plaukus, nepalikdamas plaukų sunkumo ...",OK
OLX-VOLUMIZI-BLOW-PRD-NA,OLAPLEX Volumizing Blow Dry Mist,Olaplex,32.00,,eur,https://plaukuosena.lt/olaplex-volumizing-blow-dry-mist,https://cdn.zyrosite.com/cdn-ecommerce/store_01K8TJ7Z5JW7HSEJN7SFYG20CX/assets/87bf6622-3275-425b-8a73-1bb008b61716.jpg,American Crew,in_stock,,"Pakelkite plaukų džiovinimą į aukštesnį lygį! Apsaugokite ir atkurkite plaukus džiovinimo metu, kad jie atrodytų sveiki, ilgai išliktų purūs, minkšti ir blizgantys. OLAPLEX Volumizing Blow Dry Mist sudėtyje yra polisacharidų iš sakurų, specialių polimerų, OLAPLEX Bond Building Technology™ moleku...",OK
OLX-PRIEMONE-PRODUKTA-PRD-NA,Olaplex plaukų priežiūros priemonės | Olaplex produktai,Olaplex,,,EUR,https://plaukuosena.lt/olaplex-plauku-prieziuros-priemones,"https://assets.zyrosite.com/cdn-cgi/image/format=auto,w=1440,h=756,fit=crop,f=jpeg/YCBIxgFD4BQDpKte/hf_20260119_182333_2c51bc08-8293-40f0-ab56-621de252197c-d6KqDxeTBHEvXb2r.png",American Crew,in_stock,,"Olaplex plaukų priežiūros priemonės visiems plaukų tipams: atstatančios, stiprinančios ir saugančios formulės. Originalios Olaplex plaukų priežiūros priemonės internetu su greitu pristatymu Lietuvoje.",CHECK_PRICE
QIQ-BARE-REPAIR-OIL-NA,QIQI Bare Repair Oil Plaukų aliejus,Qiqi,54.00,,eur,https://plaukuosena.lt/qiqi-bare-repair-oil-plauku-aliejus,https://cdn.zyrosite.com/cdn-ecommerce/store_01K8TJ7Z5JW7HSEJN7SFYG20CX/assets/85f599b6-1ab5-4fe0-9330-8b393efc56d2.png,American Crew,in_stock,,"Aliejus, kuris užbaigs jūsų paieškas. Bare Repair atkuria, glotnina ir sandarina plaukus sauso prisilietimo tikslumu. Jokio sunkumo. Jokių likučių. Tik spindesys, kuris kalba pats už save.Vienas paspaudimas. Glotnesni galiukai. Ryškesnis blizgesys. Stipresni plaukai.Prabanga turi funkciją.17 ingr...",OK
QIQ-GLOTNINA-SHA-NA,QIQI Glotninantis šampūnas,Qiqi,13.00,,eur,https://plaukuosena.lt/qiqi-glotninantis-sampunas,https://cdn.zyrosite.com/cdn-ecommerce/store_01K8TJ7Z5JW7HSEJN7SFYG20CX/assets/9ad34b38-7896-457c-8d2e-598db9e7336d.png,American Crew,in_stock,,"Atraskite QIQI Smooth Service šampūno žavesį - tobulą meno ir mokslo derinį. Giliai drėkinantis šampūnas, kuris glotnina, švelnina ir stiprina plaukus. Sukurta itin paprastai ši viliojanti formulė nepalieka nešvarumų jau po pirmo plovimo, o plaukai tampa glotnūs ir primaitinti. Minimalistinė form...",OK
QIQ-POROSITY-PLAY-SPR-NA,QIQI Porosity Play Spray Plaukų purškiklis,Qiqi,54.00,,eur,https://plaukuosena.lt/qiqi-porosity-play-spray-plauku-purskiklis,https://cdn.zyrosite.com/cdn-ecommerce/store_01K8TJ7Z5JW7HSEJN7SFYG20CX/assets/c272a239-cd7a-422f-a950-d80d709d9259.png,American Crew,in_stock,,"Glotnūs, atstatyti ir apsaugoti plaukai su mūsų QIQI Porosity Play Spray dulksna. Lengvos tekstūros, karščiu aktyvuojamas purškiklis, kuris vienu užbaigimu glotnina, sandarina ir apsaugo plaukus. Suteikia spindintį blizgesį, kovoja su drėgme ir padeda išlaikyti plaukus suvaldomus visą dieną.Daugi...",OK
QIQ-POROSITY-VOLUME-PRD-NA,QIQI Porosity Volume Code Mist Gausos apimties suteikianti dulksna,Qiqi,54.00,,eur,https://plaukuosena.lt/qiqi-porosity-volume-code-mist-gausos-apimties-suteikianti-dulksna,https://cdn.zyrosite.com/cdn-ecommerce/store_01K8TJ7Z5JW7HSEJN7SFYG20CX/assets/40938472-383c-4c92-9b8b-040403000e9d.png,American Crew,in_stock,,"Gausos apimties dulksna– besvorė, purškiama, nenuplaunama su niacinamidu (vitaminu B3), leidžianti išreikšti visą jūsų plaukų potencialą. Kiekvienu papurškimu ji suteikia sluoksniuojamą, individualiai pritaikomą apimtį. Akimirksniu atkelia plaukus nuo šaknų, suteikdama iškart pastebimą ir ilgai ...",OK
QIQ-SUPER-SOAKER-MSK-NA,QIQI Super Soaker Smoothing Masque Glotninanti plaukų kaukė,Qiqi,20.00,,eur,https://plaukuosena.lt/qiqi-super-soaker-smoothing-masque-glotninanti-plauku-kauke,https://cdn.zyrosite.com/cdn-ecommerce/store_01K8TJ7Z5JW7HSEJN7SFYG20CX/assets/c207ccff-61fd-499a-9db4-0ed63a8c34c7.png,American Crew,in_stock,,"Pasimėgaukite puikia plaukų sausumą sumažinančia QIQI Super Soaker Smoothing kauke. Dėl ekspertų sukurtos minimalistinės formulės ir stipraus maitinamųjų ingredientų mišinio, įskaitant drėkinamąsias medžiagas ir augalinius ekstraktus, ši kaukė intensyviai drėkina jūsų plaukus.Turtinga, drėkinanti...",OK
QIQ-DREKINAM-CON-NA,QIQI drėkinamasis kondicionierius,Qiqi,13.00,,eur,https://plaukuosena.lt/qiqi-drekinamasis-kondicionierius,https://cdn.zyrosite.com/cdn-ecommerce/store_01K8TJ7Z5JW7HSEJN7SFYG20CX/assets/e9113e8b-f95c-4cb6-ab03-9977a03ffcd1.png,American Crew,in_stock,,"QIQI Hydration Fixation kondicionierius sukurtas taip, kad numalšintų net labiausiai ištroškusius plaukus, bei padarytų juos sveikesnius ir žvilgančius.Ypatingo veiksmingumo kondicionierius, kuris drėkina, minkština ir glotnina plaukus nepalikdamas nuosėdų, neapsunkindamas ir be kompromisų.2 kart...",OK
QIQ-ALL-OUT-CRM-NA,Qiqi All Out Blowout užbaigimo kremas,Qiqi,54.00,,eur,https://plaukuosena.lt/qiqi-all-out-blowout-uzbaigimo-kremas,https://cdn.zyrosite.com/cdn-ecommerce/store_01K8TJ7Z5JW7HSEJN7SFYG20CX/assets/2ed4db76-21f3-4ce0-a884-2230c7418f53.png,American Crew,in_stock,,"All Out Blowout atlieka trigubą funkciją: jis kruopščiai saugo plaukus nuo karščio poveikio naudojant šukų, feno ar kitų stilizavimo įrankių pagalbą, tuo pačiu maitinant ir drėkinant plaukus bei juos stiprinant. Šios universalios savybės leidžia sutaupyti laiką ir pinigus – derinant apsaugą ir le...",OK
QIQ-PRIEMONE-KOSMETIK-PRD-NA,Qiqi plaukų priežiūros priemonės | Qiqi kosmetika,Qiqi,,,EUR,https://plaukuosena.lt/qiqi-plauku-prieziuros-priemones,"https://assets.zyrosite.com/cdn-cgi/image/format=auto,w=1440,h=756,fit=crop,f=jpeg/YCBIxgFD4BQDpKte/hf_20260119_182333_2c51bc08-8293-40f0-ab56-621de252197c-d6KqDxeTBHEvXb2r.png",American Crew,in_stock,,"Qiqi plaukų priežiūros priemonės visiems plaukų tipams: šampūnai, kaukės, kondicionieriai ir formavimo produktai. Profesionali Qiqi plaukų priežiūros priemonės internetu su greitu pristatymu Lietuvoje.",CHECK_PRICE
WEL-FUSION-INTENSE-MSK-NA,WELLA PROFESSIONALS FUSION Intense Repair atkurianti kaukė,Wella Professionals,28.00,,eur,https://plaukuosena.lt/fusion-intense-repair-atkurianti-kauke,https://cdn.zyrosite.com/cdn-ecommerce/store_01K8TJ7Z5JW7HSEJN7SFYG20CX/assets/49ba0f2c-4336-4e46-8e4e-5997a332dd4b.jpg,American Crew,in_stock,,"Prabangi kreminė kaukė padeda atkurti plaukus ir apsaugoti juos nuo lūžinėjimo. Su intensyviai kondicionuojančiomis medžiagomis ir šilko aminorūgštimis.Akimirksniu ir ilgam plaukus atkurianti WELLA PROFESSIONALS FUSION priemonių serija, skirta naudoti ir salone, ir namuose. Medžiagos įsiskverbia ...",OK
WEL-INVIGO-SCALP-MSK-150ML,"WELLA PROFESSIONALS INVIGO SCALP BALANCE raminanti bekvapė kaukė jautriai galvos odai, 150 ml",Wella Professionals,25.00,,eur,https://plaukuosena.lt/invigo-scalp-balance-raminanti-bekvape-kauke-jautriai-galvos-odai-150-ml,https://cdn.zyrosite.com/cdn-ecommerce/store_01K8TJ7Z5JW7HSEJN7SFYG20CX/assets/2afb2854-6bd1-40cf-8cdc-974055d4e6d7.jpg,American Crew,in_stock,150ml,"Subalansuota ir prižiūrėta galvos oda su Invigo Scalp Balance Sensitive kauke, skirta jautriai galvos odais ir prižiūrėti. Praturtinta energizuojančia formule su gaivinančiais ingredientais, įskaitant alantoiną, kuris pastebimai ramina. Ši plaukų kaukė yra švelni odai ir be kvapų, todėl idealiai ...",OK
WEL-INVIGO-SCALP-SHA-300ML,"WELLA PROFESSIONALS INVIGO SCALP BALANCE raminantis bekvapis šampūnas jautriai galvos odai, 300 ml |1000 ml",Wella Professionals,22.00,,eur,https://plaukuosena.lt/invigo-scalp-balance-raminantis-bekvapis-sampunas-jautriai-galvos-odai-300-ml,https://cdn.zyrosite.com/cdn-ecommerce/store_01K8TJ7Z5JW7HSEJN7SFYG20CX/assets/d760b01d-97b7-44c5-a495-8a1f29726f57.jpg,American Crew,in_stock,300ml,"Raminamasis bekvapis šampūnas slopina niežėjimą ir švelniai puoselėja jautrią, sudirgusią galvos odą.- KRUOPŠČIAI ATRINKTI INGREDIENTAI. Veiksmingai ramina galvos odą, suteikia plaukams energijos. Linijos sudėtyje yra ypatingų puoselėjamųjų ingredientų, skirtų specifinėms problemoms spręsti (loto...",OK
WEL-INVIGO-SCALP-SHA-300ML-496F,"WELLA PROFESSIONALS INVIGO SCALP BALANCE šampūnas nuo pleiskanų, 300 ml",Wella Professionals,22.00,,eur,https://plaukuosena.lt/invigo-scalp-balance-sampunas-nuo-pleiskanu-300-ml,https://cdn.zyrosite.com/cdn-ecommerce/store_01K8TJ7Z5JW7HSEJN7SFYG20CX/assets/8da87958-5134-4d18-936e-4df20ffc120b.jpg,American Crew,in_stock,300ml,"Stipraus poveikio raminamasis šampūnas kovoja su pleiskanomis ir šalina nuo galvos matomus žvynelius, palikdamas neįtikėtinos švaros ir nepralenkiamos gaivos pojūtį.- KRUOPŠČIAI ATRINKTI INGREDIENTAI. Veiksmingai ramina galvos odą, suteikia plaukams energijos. Linijos sudėtyje yra ypatingų puosel...",OK
WEL-ULTIMATE-COLOR-CON-NA,WELLA PROFESSIONALS ULTIMATE COLOR Conditioner – Drėkinantis dažytų plaukų kondicionierius STEP 2,Wella Professionals,32.00,,eur,https://plaukuosena.lt/ultimate-color-conditioner-drekinantis-dazytu-plauku-kondicionierius-step-2,https://cdn.zyrosite.com/cdn-ecommerce/store_01K8TJ7Z5JW7HSEJN7SFYG20CX/assets/bfeffc09-2cb6-4be4-aeec-026917a81c39.jpg,American Crew,in_stock,,"Drėkinantis, lengvai išskalaujamas kondicionierius, kuris glotnina plauko kutikulę, padeda lengviau iššukuoti plaukus ir suteikia jiems švelnumo. Dažytų plaukų priežiūra iš vidaus ir išorės – sveikai atrodančiai plaukų struktūrai.Be gyvūninės kilmės ingredientų, dermatologiškai patikrintas ir pra...",OK
WEL-ULTIMATE-COLOR-SHA-NA,WELLA PROFESSIONALS ULTIMATE COLOR Shampoo – Dažytų plaukų šampūnas be sulfatų STEP 1,Wella Professionals,30.00,,eur,https://plaukuosena.lt/ultimate-color-shampoo-dazytu-plauku-sampunas-be-sulfatu-step-1,https://cdn.zyrosite.com/cdn-ecommerce/store_01K8TJ7Z5JW7HSEJN7SFYG20CX/assets/09df21fa-1581-431d-aba4-e172187f1cff.jpg,American Crew,in_stock,,"Šis šampūnas be sulfatų, švelniai valo ir ramina galvos odą. Sodrios, kreminės putos švelniai pašalina nešvarumus ir padeda išlaikyti spalvos ryškumą ir gyvybingumą. Formulė su glicinu ir Metal Purifier technologija padeda apsaugoti plaukus nuo laisvųjų radikalų sukeliamos žalos, o vitaminas B5 p...",OK
WEL-ULTIMATE-SMOOTH-CON-NA,WELLA PROFESSIONALS ULTIMATE SMOOTH maitinantis kondicionierius su skvalanu ir omega-9,Wella Professionals,29.00,,eur,https://plaukuosena.lt/ultimate-smooth-maitinantis-kondicionierius-su-skvalanu-ir-omega-9,https://cdn.zyrosite.com/cdn-ecommerce/store_01K8TJ7Z5JW7HSEJN7SFYG20CX/assets/485269d4-f20c-4f8d-a9be-437f4b0aa81e.jpg,American Crew,in_stock,,"ULTIMATE SMOOTH maitinantis kondicionierius STEP 2Su SKAVALNU ir OMEGA-9ULTIMATE SMOOTH yra profesionali plaukų priežiūros linija, sukurta suteikti glotnumo ir pamaitinti sausus, pasišiaušusius ir praradusius gyvybingumą plaukus. Kondicionierius maitina plaukus iš vidaus ir išorės, suteikia jiems...",OK
WEL-ULTIMATE-SMOOTH-SER-NA,WELLA PROFESSIONALS ULTIMATE SMOOTH miracle aliejinis serumas skvalanu ir omega-9,Wella Professionals,25.00,,eur,https://plaukuosena.lt/ultimate-smooth-miracle-aliejinis-serumas-skvalanu-ir-omega-9,https://cdn.zyrosite.com/cdn-ecommerce/store_01K8TJ7Z5JW7HSEJN7SFYG20CX/assets/518f9af2-8fc1-4590-932e-eaa87cdb3ac6.jpg,American Crew,in_stock,,"ULTIMATE SMOOTH MIRACLE plaukus per 90 s pamaitinantis aliejinis serumas STEP 3Su SKAVALNU ir OMEGA-9ULTIMATE SMOOTH yra profesionali plaukų priežiūros linija, sukurta suteikti glotnumo ir pamaitinti sausus, pasišiaušusius ir praradusius gyvybingumą plaukus. Nenuplaunamas aliejinis serumas giliai...",OK
WEL-FUSION-ATSTATOM-SHA-NA,Wella Professionals FUSION atstatomasis šampūnas,Wella Professionals,22.00,,eur,https://plaukuosena.lt/loreal-professionnel-metal-detox-sampunas,https://cdn.zyrosite.com/cdn-ecommerce/store_01K8TJ7Z5JW7HSEJN7SFYG20CX/assets/ed6894bd-b132-4cb6-9a8a-0a4f96b07eac.jpg,American Crew,in_stock,,"Tai profesionalus šampūnas, skirtas pašalinti vario ir metalų perteklių iš dažytų plaukų. Ši švelni formulė neutralizuoja metalus plauko pluošte, taip apsaugant plaukų spalvą nuo blukimo ir suteikiant jiems žvilgesio. Šampūnas tinka naudoti iš karto po dažymo, siekiant kuo ilgiau išlaikyti ryški...",OK
WEL-ULTIMATE-SMOOTH-SHA-NA,Wella Professionals Ultimate Smooth intensyviai maitinantis šampūnas,Wella Professionals,27.00,,eur,https://plaukuosena.lt/wella-professionals-ultimate-smooth-intensyviai-maitinantis-sampunas,https://cdn.zyrosite.com/cdn-ecommerce/store_01K8TJ7Z5JW7HSEJN7SFYG20CX/assets/90552437-c3c8-46c1-ad07-2d1cbaa18300.jpg,American Crew,in_stock,,"Tai intensyviai maitinantis šampūnas, sukurtas specialiai sausiems, nepaklusniems ir šiurkštiems plaukams. Šis švelniai valantis, tačiau giliai drėkinantis šampūnas padeda sumažinti plaukų šiaušimąsi, suteikia glotnumo ir ilgalaikį minkštumą. Sudėtyje esantis pantenolis stiprina plaukus ir apsaug...",OK
WEL-PRIEMONE-PRD-NA,Wella Professionals plaukų priežiūros priemonės,Wella Professionals,,,EUR,https://plaukuosena.lt/wella-professionals-plauku-prieziuros-priemones,"https://assets.zyrosite.com/cdn-cgi/image/format=auto,w=1440,h=756,fit=crop,f=jpeg/YCBIxgFD4BQDpKte/hf_20260119_182333_2c51bc08-8293-40f0-ab56-621de252197c-d6KqDxeTBHEvXb2r.png",American Crew,in_stock,,"Wella Professionals plaukų priežiūros priemonės visiems plaukų tipams: šampūnai, kaukės, kondicionieriai ir procedūros. Profesionalios Wella Professionals plaukų priežiūros priemonės internetu su greitu pristatymu Lietuvoje.",CHECK_PRICE
